Workbook

Sheet Final Att.
B2: S.N. | C2: EMP CODE | D2: EMP NAME | E2: EMP FATHER'S NAME | F2: 1 | G2: 2 | H2: 3 | I2: 4 | J2: 5 | K2: 6 | L2: 7 | M2: 8 | N2: 9 | O2: 10 | P2: 11 | Q2: 12 | R2: 13 | S2: 14 | T2: 15 | U2: 16 | V2: 17 | W2: 18 | X2: 19 | Y2: 20 | Z2: 21 | AA2: 22 | AB2: 23 | AC2: 24 | AD2: 25 | AE2: 26 | AF2: 27 | AG2: 28 | AH2: 29 | AI2: 30 | AJ2: TOTAL | AK2: Total Days | AL2: Total Salary
B3: 1 | C3: 33496 | D3: PIPAL SINGH | E3: PRATAP SINGH | F3: P | G3: P | H3: P | J3: P | K3: P | L3: P | M3: P | N3: P | O3: P | Q3: P | R3: P | S3: P | T3: P | Z3: P | AA3: P | AB3: P | AC3: P | AE3: P | AF3: P | AH3: P | AI3: P | AJ3: =COUNTIF(F3:AI3,"p")+COUNTIF(F3:AI3,"pp")+COUNTIF(F3:AI3,"pp") -> 21 | AK3: 21 | AL3: 11550
B4: 2 | C4: 33497 | D4: JASBIR SINGH | E4: KASHMIR SINGH | Q4: P | R4: P | S4: P | T4: P | V4: P | W4: P | X4: P | Y4: P | Z4: P | AA4: P | AB4: P | AC4: P | AE4: P | AF4: P | AG4: P | AH4: P | AJ4: =COUNTIF(F4:AI4,"p")+COUNTIF(F4:AI4,"pp")+COUNTIF(F4:AI4,"pp") -> 16 | AK4: 16 | AL4: 8800
B5: 3 | C5: 33498 | D5: SHAKTI KUMAR | E5: MURGESH | F5: P | G5: P | H5: P | I5: P | K5: P | L5: PP | M5: P | N5: P | O5: P | P5: P | R5: P | S5: P | T5: PP | U5: P | V5: P | W5: P | Y5: P | Z5: P | AA5: P | AB5: P | AC5: P | AD5: P | AF5: P | AG5: P | AH5: P | AI5: P | AJ5: =COUNTIF(F5:AI5,"p")+COUNTIF(F5:AI5,"pp")+COUNTIF(F5:AI5,"pp") -> 28 | AK5: 28 | AL5: 15400
B6: 4 | C6: 33499 | D6: HARJINDER SINGH | E6: KULWANT SINGH | F6: P | G6: P | H6: P | I6: P | L6: P | M6: P | N6: P | O6: P | P6: P | R6: P | S6: P | T6: P | U6: P | V6: P | W6: P | Y6: P | Z6: PP | AA6: P | AB6: P | AC6: P | AD6: P | AF6: P | AG6: P | AH6: P | AI6: P | AJ6: =COUNTIF(F6:AI6,"p")+COUNTIF(F6:AI6,"pp")+COUNTIF(F6:AI6,"pp") -> 26 | AK6: 26 | AL6: 14300
B7: 5 | C7: 33500 | D7: SANT SINGH | E7: VEER SINGH | F7: P | G7: P | H7: P | I7: P | K7: P | L7: P | M7: P | N7: P | O7: PP | P7: P | R7: P | S7: P | T7: P | U7: P | V7: P | Y7: P | Z7: P | AA7: P | AB7: PP | AC7: P | AD7: P | AF7: P | AG7: P | AH7: PP | AI7: P | AJ7: =COUNTIF(F7:AI7,"p")+COUNTIF(F7:AI7,"pp")+COUNTIF(F7:AI7,"pp") -> 28 | AK7: 28 | AL7: 15400
B8: 6 | C8: 33502 | D8: SOURAV | E8: PAWAN KUMAR | F8: P | G8: P | H8: PP | I8: P | K8: P | L8: P | M8: P | N8: P | O8: P | P8: P | R8: P | S8: P | T8: P | U8: P | V8: P | W8: P | Y8: P | Z8: P | AA8: P | AB8: P | AC8: P | AD8: P | AF8: P | AG8: P | AH8: P | AI8: P | AJ8: =COUNTIF(F8:AI8,"p")+COUNTIF(F8:AI8,"pp")+COUNTIF(F8:AI8,"pp") -> 27 | AK8: 27 | AL8: 15800
B9: 7 | C9: 33504 | D9: RAHUL KUMAR | E9: AJAY KUMAR | F9: P | K9: P | L9: P | M9: P | N9: P | AE9: P | AF9: P | AG9: P | AH9: P | AI9: P | AJ9: =COUNTIF(F9:AI9,"p")+COUNTIF(F9:AI9,"pp")+COUNTIF(F9:AI9,"pp") -> 10 | AK9: 10 | AL9: 5500
B10: 8 | C10: 33505 | D10: SANDEEP SINGH | E10: SUKHBIR SINGH | R10: P | S10: P | T10: P | U10: P | AH10: P | AI10: P | AJ10: =COUNTIF(F10:AI10,"p")+COUNTIF(F10:AI10,"pp")+COUNTIF(F10:AI10,"pp") -> 6 | AK10: 6 | AL10: 3600
B11: 9 | C11: 33506 | D11: DALBIR SINGH | E11: AJIT SINGH | F11: P | G11: P | H11: P | I11: P | J11: P | K11: P | L11: P | M11: P | N11: P | O11: P | P11: P | T11: P | U11: P | V11: P | W11: P | X11: P | AA11: P | AB11: P | AC11: P | AD11: P | AE11: P | AF11: P | AH11: P | AI11: P | AJ11: =COUNTIF(F11:AI11,"p")+COUNTIF(F11:AI11,"pp")+COUNTIF(F11:AI11,"pp") -> 24 | AK11: 24 | AL11: 13200
B12: 10 | C12: 33507 | D12: KARAN KUMAR | E12: INDERJIT | F12: P | G12: P | K12: P | L12: P | AJ12: =COUNTIF(F12:AI12,"p")+COUNTIF(F12:AI12,"pp")+COUNTIF(F12:AI12,"pp") -> 4 | AK12: 4 | AL12: 2400
B13: 11 | C13: 33509 | D13: NEETA | E13: SUDESH KUMAR | F13: P | G13: P | I13: P | J13: P | K13: P | L13: P | Q13: P | R13: P | S13: P | T13: P | W13: P | X13: P | Y13: P | Z13: P | AC13: P | AD13: P | AE13: P | AF13: P | AJ13: =COUNTIF(F13:AI13,"p")+COUNTIF(F13:AI13,"pp")+COUNTIF(F13:AI13,"pp") -> 18 | AK13: 18 | AL13: 9900
B14: 12 | C14: 33510 | D14: RAJIV KUMAR | E14: ROOP LAL | F14: P | G14: P | H14: P | K14: P | L14: P | M14: P | N14: P | O14: P | Q14: P | R14: P | S14: P | U14: P | V14: P | X14: P | Y14: P | Z14: P | AB14: P | AF14: P | AG14: P | AH14: P | AI14: P | AJ14: =COUNTIF(F14:AI14,"p")+COUNTIF(F14:AI14,"pp")+COUNTIF(F14:AI14,"pp") -> 21 | AK14: 21 | AL14: 11550
B15: 13 | C15: 33511 | D15: PRABHJOT SINGH | E15: TARSEM SINGH | G15: P | H15: P | J15: P | L15: P | U15: P | V15: P | X15: P | Y15: P | AC15: P | AE15: P | AF15: P | AG15: P | AH15: P | AI15: P | AJ15: =COUNTIF(F15:AI15,"p")+COUNTIF(F15:AI15,"pp")+COUNTIF(F15:AI15,"pp") -> 14 | AK15: 14 | AL15: =6600+1100 -> 7700
B16: 14 | C16: 33514 | D16: PREM PRAKASH | E16: DAVINDER | F16: P | G16: P | H16: P | I16: P | K16: P | L16: P | M16: P | N16: P | O16: P | P16: P | Q16: P | S16: P | T16: P | AI16: PP | AJ16: =COUNTIF(F16:AI16,"p")+COUNTIF(F16:AI16,"pp")+COUNTIF(F16:AI16,"pp") -> 15 | AK16: 15 | AL16: 8750
B17: 15 | C17: 33515 | D17: GURMAIL SINGH | E17: HARJINDER SINGH | F17: P | G17: P | H17: P | I17: P | J17: P | K17: P | L17: P | M17: P | N17: P | O17: P | P17: P | Q17: P | R17: P | S17: P | T17: P | U17: P | V17: P | W17: P | X17: P | Y17: P | Z17: P | AA17: P | AB17: P | AC17: P | AD17: P | AE17: P | AF17: P | AG17: P | AH17: P | AI17: P | AJ17: =COUNTIF(F17:AI17,"p")+COUNTIF(F17:AI17,"pp")+COUNTIF(F17:AI17,"pp") -> 30 | AK17: 30 | AL17: 16500
B18: 16 | C18: 33516 | D18: SARWAN SINGH | E18: HARBHAJAN SINGH | F18: P | H18: P | I18: P | J18: P | L18: P | M18: P | N18: P | R18: P | S18: P | T18: P | AJ18: =COUNTIF(F18:AI18,"p")+COUNTIF(F18:AI18,"pp")+COUNTIF(F18:AI18,"pp") -> 10 | AK18: 10 | AL18: 7500
B19: 17 | C19: 33517 | D19: SUKHWINDER SINGH | E19: JASWANT SINGH | F19: P | U19: P | V19: P | W19: P | X19: P | Y19: P | Z19: P | AA19: P | AB19: P | AC19: P | AD19: P | AE19: P | AF19: P | AG19: P | AH19: P | AI19: P | AJ19: =COUNTIF(F19:AI19,"p")+COUNTIF(F19:AI19,"pp")+COUNTIF(F19:AI19,"pp") -> 16 | AK19: 16 | AL19: 8800
B20: 18 | C20: 33518 | D20: VINOD KUMAR | E20: JASPAL | F20: P | G20: P | H20: P | I20: P | J20: P | M20: P | N20: P | O20: P | P20: P | Q20: P | T20: P | U20: P | V20: P | W20: P | X20: P | AA20: P | AB20: P | AC20: P | AD20: P | AE20: P | AF20: P | AH20: P | AI20: P | AJ20: =COUNTIF(F20:AI20,"p")+COUNTIF(F20:AI20,"pp")+COUNTIF(F20:AI20,"pp") -> 23 | AK20: 23 | AL20: 13800
B21: 19 | C21: 33522 | D21: SUNIL KUMAR | E21: MISHRI LAL | F21: P | G21: P | H21: P | I21: P | L21: P | M21: P | N21: P | O21: P | P21: P | R21: P | S21: P | T21: P | U21: P | V21: P | W21: P | Y21: PP | Z21: P | AA21: P | AB21: P | AC21: P | AD21: P | AF21: P | AG21: P | AH21: P | AI21: P | AJ21: =COUNTIF(F21:AI21,"p")+COUNTIF(F21:AI21,"pp")+COUNTIF(F21:AI21,"pp") -> 26 | AK21: 26 | AL21: 14300
B22: 20 | C22: 33526 | D22: ASHWANI SINGH | E22: MANN SINGH | F22: P | G22: P | H22: P | I22: P | K22: P | L22: P | M22: P | N22: P | O22: P | P22: P | R22: P | S22: P | T22: P | U22: P | V22: P | W22: P | Y22: P | Z22: P | AA22: P | AB22: P | AC22: P | AD22: P | AF22: P | AG22: P | AH22: P | AI22: P | AJ22: =COUNTIF(F22:AI22,"p")+COUNTIF(F22:AI22,"pp")+COUNTIF(F22:AI22,"pp") -> 26 | AK22: 26 | AL22: 15600
B23: 21 | C23: 33530 | D23: DAVINDER SINGH | E23: LAKHWINDER SINGH | K23: P | L23: P | M23: P | O23: P | P23: P | Q23: P | R23: P | V23: P | W23: P | X23: P | Z23: P | AA23: P | AB23: P | AF23: P | AG23: P | AH23: P | AJ23: =COUNTIF(F23:AI23,"p")+COUNTIF(F23:AI23,"pp")+COUNTIF(F23:AI23,"pp") -> 16 | AK23: 16 | AL23: 11200
B24: 22 | C24: 33532 | D24: SURINDER KUMAR | E24: KARAM CHAND | H24: P | I24: P | J24: P | T24: P | U24: P | Z24: P | AA24: P | AJ24: =COUNTIF(F24:AI24,"p")+COUNTIF(F24:AI24,"pp")+COUNTIF(F24:AI24,"pp") -> 7 | AK24: 7 | AL24: 4450
B25: 23 | C25: 33533 | D25: RAJBIR SINGH | E25: TASVIR SINGH | F25: P | G25: P | S25: P | T25: P | U25: P | V25: P | W25: P | X25: P | Y25: P | Z25: P | AJ25: =COUNTIF(F25:AI25,"p")+COUNTIF(F25:AI25,"pp")+COUNTIF(F25:AI25,"pp") -> 10 | AK25: 10 | AL25: 5500
B26: 24 | C26: 33534 | D26: SUGREEV | E26: MAHAVEER | F26: P | G26: PP | H26: P | I26: P | K26: P | L26: P | M26: P | N26: PP | O26: P | P26: P | R26: P | S26: P | T26: P | U26: P | V26: P | W26: P | Y26: P | Z26: P | AA26: P | AB26: P | AC26: P | AD26: P | AF26: P | AG26: P | AH26: P | AI26: P | AJ26: =COUNTIF(F26:AI26,"p")+COUNTIF(F26:AI26,"pp")+COUNTIF(F26:AI26,"pp") -> 28 | AK26: 28 | AL26: 15400
B27: 25 | C27: 33539 | D27: GURWINDER SINGH | E27: SATNAM SINGH | F27: P | G27: P | H27: P | I27: P | J27: P | M27: P | N27: P | O27: P | Q27: P | R27: P | S27: P | T27: P | U27: P | V27: P | AB27: P | AC27: P | AE27: P | AF27: P | AG27: P | AH27: P | AI27: P | AJ27: =COUNTIF(F27:AI27,"p")+COUNTIF(F27:AI27,"pp")+COUNTIF(F27:AI27,"pp") -> 21 | AK27: 21 | AL27: 11550
B28: 26 | C28: 33540 | D28: BALVIR CHAND | E28: KANSRAJ | F28: P | G28: P | H28: P | J28: P | K28: P | L28: P | M28: P | N28: P | O28: P | Q28: P | R28: P | S28: P | T28: P | X28: P | Y28: P | Z28: P | AA28: P | AB28: P | AC28: P | AE28: P | AF28: P | AG28: P | AH28: P | AI28: P | AJ28: =COUNTIF(F28:AI28,"p")+COUNTIF(F28:AI28,"pp")+COUNTIF(F28:AI28,"pp") -> 24 | AK28: 24 | AL28: 14400
B29: 27 | C29: 33547 | D29: SUKHWINDER SINGH | E29: PAL SINGH | G29: P | H29: P | I29: P | J29: P | K29: P | L29: P | M29: P | N29: P | O29: P | P29: P | Q29: P | R29: P | S29: P | T29: P | U29: P | V29: P | AB29: P | AC29: P | AD29: P | AE29: P | AF29: P | AG29: P | AH29: P | AI29: P | AJ29: =COUNTIF(F29:AI29,"p")+COUNTIF(F29:AI29,"pp")+COUNTIF(F29:AI29,"pp") -> 24 | AK29: 21 | AL29: 12600
B30: 28 | C30: 33549 | D30: CHARANJIT SINGH | E30: GURMUKH SINGH | H30: P | I30: P | J30: P | K30: P | AJ30: =COUNTIF(F30:AI30,"p")+COUNTIF(F30:AI30,"pp")+COUNTIF(F30:AI30,"pp") -> 4 | AK30: 4 | AL30: 2200
B31: 29 | C31: 33556 | D31: NARINDER SHARMA | E31: HIRA LAL | F31: P | G31: P | H31: P | I31: P | K31: P | L31: P | M31: P | N31: P | O31: P | P31: P | S31: P | T31: P | U31: P | V31: P | W31: P | Y31: P | Z31: P | AA31: P | AB31: P | AC31: P | AD31: P | AF31: P | AI31: P | AJ31: =COUNTIF(F31:AI31,"p")+COUNTIF(F31:AI31,"pp")+COUNTIF(F31:AI31,"pp") -> 23 | AK31: 23 | AL31: 12650
B32: 30 | C32: 33567 | D32: NARENDER | E32: CHANDER BHAN | F32: P | G32: P | H32: P | I32: P | J32: P | K32: P | L32: P | M32: P | N32: P | O32: P | P32: P | Q32: P | R32: P | S32: P | T32: P | U32: P | V32: P | W32: P | X32: P | Y32: P | Z32: P | AA32: P | AB32: P | AC32: P | AD32: P | AE32: P | AF32: P | AG32: P | AH32: P | AI32: P | AJ32: =COUNTIF(F32:AI32,"p")+COUNTIF(F32:AI32,"pp")+COUNTIF(F32:AI32,"pp") -> 30 | AK32: 33 | AL32: 18150
B33: 31 | C33: 33568 | D33: SAHIL BAWA | E33: RAMAN KUMAR | O33: P | P33: P | Q33: P | R33: P | AG33: P | AH33: P | AI33: P | AJ33: =COUNTIF(F33:AI33,"p")+COUNTIF(F33:AI33,"pp")+COUNTIF(F33:AI33,"pp") -> 7 | AK33: 7 | AL33: 3850
B34: 32 | C34: 33572 | D34: GURLAL SINGH | E34: HARPREET SINGH | G34: P | H34: P | K34: P | L34: P | M34: P | N34: P | U34: P | V34: P | W34: P | X34: P | AJ34: =COUNTIF(F34:AI34,"p")+COUNTIF(F34:AI34,"pp")+COUNTIF(F34:AI34,"pp") -> 10 | AK34: 10 | AL34: 5580
B35: 34 | C35: 33576 | D35: PRAVEEN KUMAR | E35: SANJAY KUMAR | F35: P | G35: P | H35: P | I35: P | J35: P | K35: P | L35: P | M35: P | N35: P | S35: P | T35: P | U35: P | V35: P | AH35: P | AI35: P | AJ35: =COUNTIF(F35:AI35,"p")+COUNTIF(F35:AI35,"pp")+COUNTIF(F35:AI35,"pp") -> 15 | AK35: 15 | AL35: 8350
B36: 35 | C36: 33577 | D36: BALWINDER KUMAR | E36: BABU RAM | F36: P | G36: P | I36: P | J36: P | K36: P | L36: P | P36: P | Q36: P | R36: P | S36: P | W36: P | X36: P | Y36: P | Z36: P | AD36: P | AE36: P | AF36: P | AG36: P | AJ36: =COUNTIF(F36:AI36,"p")+COUNTIF(F36:AI36,"pp")+COUNTIF(F36:AI36,"pp") -> 18 | AK36: 18 | AL36: 10800
B37: 36 | C37: 33578 | D37: ARPIT GUPTA | E37: ANIL GUPTA | F37: P | G37: P | H37: P | J37: P | K37: P | L37: P | M37: P | N37: P | O37: P | Q37: P | R37: P | S37: P | T37: P | W37: P | X37: P | Y37: P | Z37: P | AA37: P | AF37: P | AG37: P | AJ37: =COUNTIF(F37:AI37,"p")+COUNTIF(F37:AI37,"pp")+COUNTIF(F37:AI37,"pp") -> 20 | AK37: 20 | AL37: 11200
B38: 37 | C38: 33580 | D38: ALESH | E38: SHRI LAL | G38: P | H38: P | I38: P | J38: P | K38: P | L38: P | M38: P | N38: P | S38: P | T38: P | U38: P | V38: P | W38: P | X38: P | Z38: P | AA38: P | AB38: P | AC38: P | AG38: P | AH38: P | AJ38: =COUNTIF(F38:AI38,"p")+COUNTIF(F38:AI38,"pp")+COUNTIF(F38:AI38,"pp") -> 20 | AK38: 20 | AL38: 1100
B39: 38 | C39: 33581 | D39: PAVAN KUMAR SINGH | E39: BUBHASH CHANDRA SINGH | F39: P | G39: P | H39: P | I39: P | J39: P | K39: P | L39: P | M39: P | N39: P | O39: P | P39: P | Q39: P | R39: P | S39: P | T39: P | U39: P | V39: P | W39: P | X39: P | Y39: P | Z39: P | AA39: P | AB39: P | AC39: P | AD39: P | AE39: P | AF39: P | AG39: P | AH39: P | AI39: P | AJ39: =COUNTIF(F39:AI39,"p")+COUNTIF(F39:AI39,"pp")+COUNTIF(F39:AI39,"pp") -> 30 | AK39: 30 | AL39: 18000
B40: 39 | C40: 33585 | D40: ARSHDEEP SINGH | E40: CHARANJEET SINGH | K40: P | L40: P | M40: P | N40: P | O40: P | P40: P | Q40: P | R40: P | T40: P | U40: P | V40: P | W40: P | Y40: P | Z40: P | AA40: P | AB40: P | AH40: P | AI40: P | AJ40: =COUNTIF(F40:AI40,"p")+COUNTIF(F40:AI40,"pp")+COUNTIF(F40:AI40,"pp") -> 18 | AK40: 18 | AL40: 9900
B41: 40 | C41: 33586 | D41: SONU KASHYAP | E41: RAMDAS | H41: P | I41: P | J41: P | K41: P | L41: P | P41: P | Q41: P | R41: P | T41: P | U41: P | V41: P | W41: P | X41: P | Y41: P | Z41: P | AA41: P | AB41: P | AC41: P | AD41: P | AE41: P | AF41: P | AG41: P | AH41: P | AI41: P | AJ41: =COUNTIF(F41:AI41,"p")+COUNTIF(F41:AI41,"pp")+COUNTIF(F41:AI41,"pp") -> 24 | AK41: 24 | AL41: 13200
B42: 41 | C42: 33604 | D42: DAVINDER KUMAR | E42: HARESH PURI | F42: P | G42: P | O42: P | P42: P | Q42: P | V42: P | W42: P | X42: P | Z42: P | AA42: P | AB42: P | AJ42: =COUNTIF(F42:AI42,"p")+COUNTIF(F42:AI42,"pp")+COUNTIF(F42:AI42,"pp") -> 11 | AK42: 11 | AL42: 7700
B43: 42 | C43: 33605 | D43: AJAY | E43: RAMESH KUMAR | F43: P | G43: P | K43: P | L43: P | M43: P | V43: P | W43: P | X43: P | Z43: P | AA43: P | AB43: P | AJ43: =COUNTIF(F43:AI43,"p")+COUNTIF(F43:AI43,"pp")+COUNTIF(F43:AI43,"pp") -> 11 | AK43: 11 | AL43: 7700
B44: 43 | C44: 33608 | D44: YOGESH KUMAR PAL | E44: MANOJ KUMAR PAL | F44: P | G44: P | H44: P | I44: P | J44: P | K44: P | L44: P | M44: P | N44: P | P44: P | Q44: P | R44: P | S44: P | V44: P | W44: P | Z44: P | AA44: P | AH44: P | AI44: P | AJ44: =COUNTIF(F44:AI44,"p")+COUNTIF(F44:AI44,"pp")+COUNTIF(F44:AI44,"pp") -> 19 | AK44: 17 | AL44: 9370
B45: 44 | C45: 33614 | D45: SUNNY | E45: LAKHBIR SINGH | F45: P | G45: P | K45: P | L45: P | M45: P | V45: P | W45: P | X45: P | Z45: P | AA45: P | AB45: P | AF45: P | AG45: P | AH45: P | AJ45: =COUNTIF(F45:AI45,"p")+COUNTIF(F45:AI45,"pp")+COUNTIF(F45:AI45,"pp") -> 14 | AK45: 14 | AL45: 10500
B46: 45 | C46: 33637 | D46: ARJUN | E46: PURAN | F46: P | H46: P | I46: P | J46: P | K46: P | L46: P | M46: P | N46: P | O46: P | P46: P | Q46: P | R46: P | S46: P | T46: P | U46: P | V46: P | W46: P | X46: P | Y46: P | Z46: P | AA46: P | AB46: P | AC46: P | AD46: P | AE46: P | AF46: P | AG46: P | AH46: P | AI46: P | AJ46: =COUNTIF(F46:AI46,"p")+COUNTIF(F46:AI46,"pp")+COUNTIF(F46:AI46,"pp") -> 29 | AK46: 29 | AL46: 15950
B47: 46 | C47: 33638 | D47: KAMALDEEP | E47: SUNIL KUMAR | L47: P | M47: P | N47: P | O47: P | Q47: P | R47: P | S47: P | T47: P | V47: P | W47: P | X47: P | Y47: P | Z47: P | AA47: P | AF47: P | AG47: P | AH47: P | AI47: P | AJ47: =COUNTIF(F47:AI47,"p")+COUNTIF(F47:AI47,"pp")+COUNTIF(F47:AI47,"pp") -> 18 | AK47: 18 | AL47: 10100
B48: 47 | C48: 33647 | D48: UDAYBHAN | E48: BHURI SINGH | F48: P | G48: P | H48: P | I48: P | J48: P | L48: P | M48: P | S48: P | T48: P | U48: P | V48: P | Z48: P | AA48: P | AB48: P | AC48: P | AJ48: =COUNTIF(F48:AI48,"p")+COUNTIF(F48:AI48,"pp")+COUNTIF(F48:AI48,"pp") -> 15 | AK48: 11 | AL48: 6050
B49: 48 | C49: 33648 | D49: RAKESH | E49: SHYAMVEER SINGH | F49: P | G49: P | H49: P | Z49: P | AA49: P | AB49: P | AC49: P | AJ49: =COUNTIF(F49:AI49,"p")+COUNTIF(F49:AI49,"pp")+COUNTIF(F49:AI49,"pp") -> 7 | AK49: 7 | AL49: 3850
B50: 49 | C50: 33649 | D50: RAJU | E50: PANCHAM | F50: P | G50: P | H50: P | J50: P | K50: P | L50: P | M50: P | O50: P | P50: P | Q50: P | R50: P | S50: P | T50: P | U50: P | V50: P | X50: P | Y50: P | Z50: P | AA50: P | AJ50: =COUNTIF(F50:AI50,"p")+COUNTIF(F50:AI50,"pp")+COUNTIF(F50:AI50,"pp") -> 19 | AK50: 19 | AL50: 10450
B51: 50 | C51: 33650 | D51: KRISHNA PAL SINGH | E51: RAGHUNATH SINGH | F51: P | G51: P | H51: P | J51: P | K51: P | L51: P | M51: P | O51: P | P51: P | Q51: P | R51: P | S51: P | T51: P | U51: P | V51: P | X51: P | Y51: P | Z51: P | AA51: P | AC51: P | AD51: P | AE51: P | AF51: P | AG51: P | AH51: P | AI51: P | AJ51: =COUNTIF(F51:AI51,"p")+COUNTIF(F51:AI51,"pp")+COUNTIF(F51:AI51,"pp") -> 26 | AK51: 26 | AL51: 17333
B52: 51 | C52: 33653 | D52: PRAVEEN | E52: MUNNA LAL | F52: P | H52: P | I52: P | J52: P | K52: P | L52: P | M52: P | AJ52: =COUNTIF(F52:AI52,"p")+COUNTIF(F52:AI52,"pp")+COUNTIF(F52:AI52,"pp") -> 7 | AK52: 7 | AL52: 7000
B53: 52 | C53: 33654 | D53: AKASHDEEP SINGH | E53: SATNAM SINGH | G53: P | H53: P | I53: P | J53: P | K53: P | L53: P | M53: P | N53: P | P53: P | Q53: P | R53: P | S53: P | AJ53: =COUNTIF(F53:AI53,"p")+COUNTIF(F53:AI53,"pp")+COUNTIF(F53:AI53,"pp") -> 12 | AK53: 12 | AL53: 6600
B54: 53 | C54: 33658 | D54: ARMAN | E54: JAHIR AHMAD | H54: P | I54: P | J54: P | K54: P | L54: P | M54: P | N54: P | O54: P | P54: P | Q54: P | R54: P | S54: P | T54: P | U54: P | V54: P | W54: P | X54: P | Y54: P | Z54: P | AA54: P | AB54: P | AC54: P | AD54: P | AE54: P | AJ54: =COUNTIF(F54:AI54,"p")+COUNTIF(F54:AI54,"pp")+COUNTIF(F54:AI54,"pp") -> 24 | AK54: 24 | AL54: 13200
B55: 54 | C55: 33661 | D55: DEEPAK | E55: AJIT SINGH | F55: P | I55: P | J55: P | K55: P | L55: P | M55: P | N55: P | O55: P | P55: P | Q55: P | U55: P | V55: P | W55: P | X55: P | Y55: P | Z55: P | AA55: P | AB55: P | AF55: P | AG55: P | AH55: P | AJ55: =COUNTIF(F55:AI55,"p")+COUNTIF(F55:AI55,"pp")+COUNTIF(F55:AI55,"pp") -> 21 | AK55: 21 | AL55: 12270
B56: 55 | C56: 33662 | D56: MAHINDER KUMAR | E56: MUNI LAL | F56: P | G56: P | H56: P | I56: P | J56: P | L56: P | M56: P | N56: P | O56: P | P56: P | Q56: P | S56: P | T56: P | U56: P | V56: P | W56: P | X56: P | Y56: P | Z56: P | AG56: P | AH56: P | AI56: P | AJ56: =COUNTIF(F56:AI56,"p")+COUNTIF(F56:AI56,"pp")+COUNTIF(F56:AI56,"pp") -> 22 | AK56: 22 | AL56: 12120
B57: 56 | C57: 33675 | D57: ANUBHAV SHARMA | E57: SHYAM SUNDER SHARMA | F57: P | G57: P | I57: P | J57: P | K57: P | L57: P | M57: P | N57: P | P57: P | Q57: P | R57: P | S57: P | T57: P | U57: P | V57: P | W57: P | AJ57: =COUNTIF(F57:AI57,"p")+COUNTIF(F57:AI57,"pp")+COUNTIF(F57:AI57,"pp") -> 16 | AK57: 16 | AL57: 9000
B58: 57 | C58: 33676 | D58: SONU BAGHEL | E58: PREM SINGH | F58: P | G58: P | H58: PP | I58: P | J58: P | K58: P | AI58: P | AJ58: =COUNTIF(F58:AI58,"p")+COUNTIF(F58:AI58,"pp")+COUNTIF(F58:AI58,"pp") -> 8 | AK58: 12 | AL58: 6620
B59: 58 | C59: 33677 | D59: SANJEEV TIWARI | E59: RAGHUVEER SINGH | F59: P | G59: P | I59: P | J59: P | L59: P | M59: P | W59: P | X59: P | Y59: P | Z59: P | AA59: P | AB59: P | AF59: P | AG59: P | AJ59: =COUNTIF(F59:AI59,"p")+COUNTIF(F59:AI59,"pp")+COUNTIF(F59:AI59,"pp") -> 14 | AK59: 14 | AL59: 7900
B60: 59 | C60: 33680 | D60: RAJPAL SINGH | E60: MOOL CHAND | F60: P | G60: P | K60: P | L60: P | M60: P | N60: P | R60: P | S60: P | T60: P | U60: P | Y60: P | Z60: P | AA60: P | AB60: P | AH60: P | AI60: P | AJ60: =COUNTIF(F60:AI60,"p")+COUNTIF(F60:AI60,"pp")+COUNTIF(F60:AI60,"pp") -> 16 | AK60: 16 | AL60: 8440
B61: 60 | C61: 33682 | D61: GAGANDEEP SINGH | E61: MANMOHAN SINGH | F61: P | G61: P | O61: P | P61: P | Q61: P | R61: P | S61: P | T61: P | U61: P | V61: P | W61: P | X61: P | Y61: P | Z61: P | AE61: P | AF61: P | AG61: P | AH61: P | AJ61: =COUNTIF(F61:AI61,"p")+COUNTIF(F61:AI61,"pp")+COUNTIF(F61:AI61,"pp") -> 18 | AK61: 18 | AL61: 9900
B62: 61 | C62: 33690 | D62: VIPIN SAINI | E62: KARAN SINGH | F62: P | H62: P | I62: P | J62: P | K62: P | L62: P | M62: P | N62: P | O62: P | Q62: P | R62: P | S62: P | T62: P | V62: P | W62: P | X62: P | Y62: P | Z62: P | AA62: P | AB62: P | AC62: P | AE62: P | AF62: P | AG62: P | AH62: P | AJ62: =COUNTIF(F62:AI62,"p")+COUNTIF(F62:AI62,"pp")+COUNTIF(F62:AI62,"pp") -> 25 | AK62: 25 | AL62: 15000
B63: 62 | C63: 33694 | D63: VICKY | E63: PAPPU | F63: P | G63: P | H63: P | I63: P | J63: P | K63: P | L63: P | M63: P | N63: P | R63: P | S63: P | T63: P | U63: P | AD63: P | AE63: P | AF63: P | AG63: P | AJ63: =COUNTIF(F63:AI63,"p")+COUNTIF(F63:AI63,"pp")+COUNTIF(F63:AI63,"pp") -> 17 | AK63: 17 | AL63: 9350
B64: 63 | C64: 33697 | D64: VISHAL SINGH | E64: RAVI SINGH | U64: P | Z64: P | AA64: P | AB64: P | AJ64: =COUNTIF(F64:AI64,"p")+COUNTIF(F64:AI64,"pp")+COUNTIF(F64:AI64,"pp") -> 4 | AK64: 4 | AL64: 2650
B65: 64 | C65: 33700 | D65: JASWINDER SINGH | E65: GURBACHAN SINGH | F65: P | G65: P | I65: P | J65: P | K65: P | L65: P | P65: P | Q65: P | R65: P | S65: P | AA65: P | AB65: P | AD65: P | AE65: P | AF65: P | AG65: P | AH65: P | AI65: P | AJ65: =COUNTIF(F65:AI65,"p")+COUNTIF(F65:AI65,"pp")+COUNTIF(F65:AI65,"pp") -> 18
B66: 65 | C66: 33701 | D66: HARSHDEEP SINGH | E66: JAGDISH SINGH | AF66: P | AG66: P | AH66: P | AI66: P | AJ66: =COUNTIF(F66:AI66,"p")+COUNTIF(F66:AI66,"pp")+COUNTIF(F66:AI66,"pp") -> 4
B67: 66 | C67: 33711 | D67: SURAJ | E67: RANBIR KUMAR | F67: P | G67: P | H67: P | I67: P | J67: P | L67: P | M67: P | N67: P | O67: P | P67: P | Q67: P | S67: P | T67: P | U67: P | V67: P | W67: P | X67: P | Z67: P | AA67: P | AB67: P | AC67: P | AD67: P | AE67: P | AG67: P | AH67: P | AI67: P | AJ67: =COUNTIF(F67:AI67,"p")+COUNTIF(F67:AI67,"pp")+COUNTIF(F67:AI67,"pp") -> 26
B68: 67 | C68: 33712 | D68: MOHAMMAD AMAN | E68: IKLAKH AHAMAD | J68: P | K68: P | L68: P | M68: P | AJ68: =COUNTIF(F68:AI68,"p")+COUNTIF(F68:AI68,"pp")+COUNTIF(F68:AI68,"pp") -> 4
B69: 68 | C69: 33713 | D69: NITISH SINGH | E69: MAHESH KUMAR | H69: P | I69: P | J69: P | K69: P | L69: P | M69: P | N69: P | O69: P | Q69: P | R69: P | S69: P | T69: P | V69: P | W69: P | X69: P | Y69: P | Z69: P | AA69: P | AB69: P | AC69: P | AE69: P | AF69: P | AG69: P | AH69: P | AJ69: =COUNTIF(F69:AI69,"p")+COUNTIF(F69:AI69,"pp")+COUNTIF(F69:AI69,"pp") -> 24
B70: 69 | C70: 33714 | D70: FARMAN | E70: RASSHAN KHAN | F70: P | G70: P | H70: P | I70: P | J70: P | K70: P | L70: P | M70: P | AJ70: =COUNTIF(F70:AI70,"p")+COUNTIF(F70:AI70,"pp")+COUNTIF(F70:AI70,"pp") -> 8
B71: 70 | C71: 33718 | D71: ABHISHEK KUMAR | E71: HARIBABU | F71: P | G71: P | H71: P | I71: P | J71: P | K71: P | L71: P | M71: P | O71: P | P71: P | Q71: P | R71: P | S71: P | T71: P | U71: P | V71: P | X71: P | Y71: P | Z71: P | AA71: P | AC71: P | AD71: P | AE71: P | AF71: P | AG71: P | AH71: P | AI71: P | AJ71: =COUNTIF(F71:AI71,"p")+COUNTIF(F71:AI71,"pp")+COUNTIF(F71:AI71,"pp") -> 27
B72: 71 | C72: 33720 | D72: ATUL SHARMA | E72: GIRISH SHARMA | F72: P | G72: P | H72: P | I72: P | J72: P | K72: P | L72: P | Q72: P | R72: P | S72: P | T72: P | U72: P | V72: P | X72: P | Y72: P | Z72: P | AA72: P | AB72: P | AJ72: =COUNTIF(F72:AI72,"p")+COUNTIF(F72:AI72,"pp")+COUNTIF(F72:AI72,"pp") -> 18
B73: 72 | C73: 33724 | D73: GURBAKHASH SINGH | E73: SATPAL SINGH | AF73: P | AG73: P | AH73: P | AI73: P | AJ73: =COUNTIF(F73:AI73,"p")+COUNTIF(F73:AI73,"pp")+COUNTIF(F73:AI73,"pp") -> 4
B74: 73 | C74: 33747 | D74: SHER SINGH | E74: CHEDA LAL | AF74: P | AG74: P | AH74: P | AI74: P | AJ74: =COUNTIF(F74:AI74,"p")+COUNTIF(F74:AI74,"pp")+COUNTIF(F74:AI74,"pp") -> 4
B75: 74 | C75: 33752 | D75: GURPREET SINGH | E75: BEANT SINGH | N75: P | O75: P | P75: P | Q75: P | AJ75: =COUNTIF(F75:AI75,"p")+COUNTIF(F75:AI75,"pp")+COUNTIF(F75:AI75,"pp") -> 4
B76: 75 | C76: 33775 | D76: MOHD KAREEM | E76: MOHD KABEER | H76: P | I76: P | J76: P | K76: P | L76: P | M76: P | N76: P | O76: P | Q76: P | R76: P | S76: P | T76: P | V76: P | W76: P | X76: P | Y76: P | Z76: P | AA76: P | AB76: P | AC76: P | AE76: P | AF76: P | AG76: P | AH76: P | AJ76: =COUNTIF(F76:AI76,"p")+COUNTIF(F76:AI76,"pp")+COUNTIF(F76:AI76,"pp") -> 24
B77: 76 | C77: 33783 | D77: VISHAL | E77: SATNAM SINGH | G77: P | H77: P | I77: P | J77: P | K77: P | L77: P | M77: P | N77: P | P77: P | Q77: P | R77: P | S77: P | AJ77: =COUNTIF(F77:AI77,"p")+COUNTIF(F77:AI77,"pp")+COUNTIF(F77:AI77,"pp") -> 12
B78: 77 | C78: 33791 | D78: RAVI | E78: SANTOKH SINGH | F78: P | G78: P | H78: P | I78: P | K78: P | L78: P | M78: P | N78: P | O78: P | P78: P | R78: P | S78: P | Y78: P | Z78: P | AA78: P | AB78: P | AC78: P | AD78: P | AJ78: =COUNTIF(F78:AI78,"p")+COUNTIF(F78:AI78,"pp")+COUNTIF(F78:AI78,"pp") -> 18
B79: 78 | C79: 33792 | D79: ANOOP KUMAR | E79: KISHAN CHAND | F79: P | G79: P | H79: P | I79: PP | J79: P | L79: P | M79: P | N79: P | O79: P | Y79: P | Z79: P | AA79: P | AB79: P | AC79: P | AD79: P | AE79: P | AF79: P | AG79: P | AH79: P | AI79: P | AJ79: =COUNTIF(F79:AI79,"p")+COUNTIF(F79:AI79,"pp")+COUNTIF(F79:AI79,"pp") -> 21
B80: 79 | C80: 33793 | D80: JAIMEET SINGH | E80: SANTOKH SINGH | F80: P | G80: P | H80: P | I80: P | J80: P | K80: P | L80: P | M80: P | N80: P | AJ80: =COUNTIF(F80:AI80,"p")+COUNTIF(F80:AI80,"pp")+COUNTIF(F80:AI80,"pp") -> 9
B81: 80 | C81: 33794 | D81: VISHAL SINGH | E81: RAKESH SINGH | U81: P | V81: P | W81: P | X81: P | Y81: P | Z81: P | AA81: P | AB81: P | AC81: P | AD81: P | AE81: P | AF81: P | AG81: P | AH81: P | AI81: P | AJ81: =COUNTIF(F81:AI81,"p")+COUNTIF(F81:AI81,"pp")+COUNTIF(F81:AI81,"pp") -> 15
B82: 81 | C82: 33796 | D82: AMAR SINGH | E82: CHANDRA BHAN | F82: P | H82: P | I82: P | J82: P | K82: P | L82: P | M82: P | N82: P | O82: P | Z82: P | AA82: P | AB82: P | AC82: P | AE82: P | AF82: P | AG82: P | AH82: P | AJ82: =COUNTIF(F82:AI82,"p")+COUNTIF(F82:AI82,"pp")+COUNTIF(F82:AI82,"pp") -> 17
B83: 82 | C83: 33797 | D83: RANJIT SINGH | E83: SARABJIT SINGH | F83: P | G83: P | H83: P | I83: P | J83: P | L83: P | M83: P | N83: P | O83: P | P83: P | Q83: P | S83: P | T83: P | U83: P | V83: P | W83: P | X83: P | Z83: P | AA83: P | AB83: P | AC83: P | AD83: P | AE83: P | AJ83: =COUNTIF(F83:AI83,"p")+COUNTIF(F83:AI83,"pp")+COUNTIF(F83:AI83,"pp") -> 23
B84: 83 | C84: 33816 | D84: JATINDER | E84: AJAY KUMAR | G84: P | H84: P | M84: P | N84: P | O84: P | P84: P | Q84: P | W84: P | X84: P | Y84: P | Z84: P | AA84: P | AJ84: =COUNTIF(F84:AI84,"p")+COUNTIF(F84:AI84,"pp")+COUNTIF(F84:AI84,"pp") -> 12
B85: 84 | C85: 33829 | D85: HASEEN KHAN | E85: SHADDU KHAN | H85: P | I85: P | J85: P | K85: P | L85: P | M85: P | N85: P | O85: P | Q85: P | R85: P | S85: P | T85: P | AJ85: =COUNTIF(F85:AI85,"p")+COUNTIF(F85:AI85,"pp")+COUNTIF(F85:AI85,"pp") -> 12
B86: 85 | C86: 33849 | D86: AJAY KUMAR | E86: RAM VILAS | F86: P | H86: P | I86: P | J86: P | K86: P | L86: P | M86: P | N86: P | O86: P | P86: P | Q86: P | R86: P | S86: P | T86: P | V86: P | W86: P | X86: P | Y86: P | Z86: P | AA86: P | AB86: P | AC86: P | AD86: P | AE86: P | AF86: P | AG86: P | AH86: P | AI86: P | AJ86: =COUNTIF(F86:AI86,"p")+COUNTIF(F86:AI86,"pp")+COUNTIF(F86:AI86,"pp") -> 28
B87: 86 | C87: 33855 | D87: BRAJESH KUMAR SHARMA | E87: SHRAVAN KUMAR SHARMA | L87: P | M87: P | N87: P | O87: P | AJ87: =COUNTIF(F87:AI87,"p")+COUNTIF(F87:AI87,"pp")+COUNTIF(F87:AI87,"pp") -> 4
B88: 87 | C88: 33857 | D88: DAVINDER SINGH | E88: RAM SINGH | J88: P | K88: P | L88: P | M88: P | N88: P | O88: P | P88: P | Q88: P | R88: P | S88: P | T88: P | U88: P | V88: P | W88: P | X88: P | Y88: P | Z88: P | AA88: P | AB88: P | AC88: P | AD88: P | AE88: P | AF88: P | AG88: P | AH88: P | AI88: P | AJ88: =COUNTIF(F88:AI88,"p")+COUNTIF(F88:AI88,"pp")+COUNTIF(F88:AI88,"pp") -> 26
B89: 88 | C89: 33858 | D89: RAVINDER SINGH | E89: BALKAR SINGH | H89: P | I89: P | J89: P | K89: P | L89: P | M89: P | N89: P | O89: P | P89: P | Q89: P | R89: P | S89: P | W89: P | X89: P | Y89: P | Z89: P | AA89: P | AB89: P | AC89: P | AD89: P | AH89: P | AI89: P | AJ89: =COUNTIF(F89:AI89,"p")+COUNTIF(F89:AI89,"pp")+COUNTIF(F89:AI89,"pp") -> 22
B90: 89 | C90: 33859 | D90: SARBJEET SINGH | E90: AMRIK SINGH | F90: P | G90: P | H90: P | I90: P | K90: P | L90: P | N90: P | O90: P | P90: P | R90: P | S90: P | T90: P | U90: PP | V90: P | W90: P | Y90: P | Z90: P | AA90: P | AB90: P | AC90: P | AD90: P | AF90: P | AG90: P | AH90: P | AI90: P | AJ90: =COUNTIF(F90:AI90,"p")+COUNTIF(F90:AI90,"pp")+COUNTIF(F90:AI90,"pp") -> 26
B91: 90 | C91: 33865 | D91: YOGESH KUMAR | E91: PRAM CHAND SINGH | O91: P | P91: P | Q91: P | R91: PP | S91: P | T91: P | U91: P | V91: P | W91: P | X91: P | Y91: P | Z91: P | AA91: P | AB91: P | AC91: P | AE91: P | AF91: P | AG91: P | AH91: P | AI91: P | AJ91: =COUNTIF(F91:AI91,"p")+COUNTIF(F91:AI91,"pp")+COUNTIF(F91:AI91,"pp") -> 21
B92: 91 | C92: 33868 | D92: PRITPAL SINGH | E92: BASANT SINGH | F92: P | G92: P | I92: P | J92: P | K92: P | L92: P | Z92: P | AA92: P | AJ92: =COUNTIF(F92:AI92,"p")+COUNTIF(F92:AI92,"pp")+COUNTIF(F92:AI92,"pp") -> 8
B93: 92 | C93: 33869 | D93: RAJ KUMAR | E93: JAGDISH LAL | F93: P | L93: P | M93: P | AJ93: =COUNTIF(F93:AI93,"p")+COUNTIF(F93:AI93,"pp")+COUNTIF(F93:AI93,"pp") -> 3
B94: 93 | C94: 33872 | D94: MONEY KUMAR | E94: TARLOK RAJ | F94: P | G94: P | H94: P | J94: P | K94: P | L94: P | M94: P | N94: P | O94: P | Q94: P | R94: P | S94: P | T94: P | U94: P | V94: P | X94: P | Y94: P | Z94: P | AA94: P | AB94: P | AC94: P | AF94: P | AG94: P | AH94: P | AI94: P | AJ94: =COUNTIF(F94:AI94,"p")+COUNTIF(F94:AI94,"pp")+COUNTIF(F94:AI94,"pp") -> 25
B95: 94 | C95: 33877 | D95: MOHD FURQAN | E95: MOHD ILYAS | I95: P | J95: P | AJ95: =COUNTIF(F95:AI95,"p")+COUNTIF(F95:AI95,"pp")+COUNTIF(F95:AI95,"pp") -> 2
B96: 95 | C96: 33880 | D96: ARUNDEEP SINGH | E96: KULDEEP SINGH | S96: P | T96: P | U96: P | V96: P | W96: P | X96: P | Z96: P | AA96: P | AB96: P | AC96: P | AD96: P | AE96: P | AJ96: =COUNTIF(F96:AI96,"p")+COUNTIF(F96:AI96,"pp")+COUNTIF(F96:AI96,"pp") -> 12
B97: 96 | C97: 33881 | D97: AMRITPAL SINGH | E97: SATJINDER SINGH | S97: P | T97: P | U97: P | V97: P | W97: P | X97: P | Z97: P | AA97: P | AB97: P | AC97: P | AD97: P | AE97: P | AJ97: =COUNTIF(F97:AI97,"p")+COUNTIF(F97:AI97,"pp")+COUNTIF(F97:AI97,"pp") -> 12
B98: 97 | C98: 33882 | D98: MANDEEP SINGH | E98: SUKHCHAIN SINGH | F98: P | G98: P | H98: P | I98: P | J98: P | L98: P | M98: P | N98: P | O98: P | P98: P | Q98: P | S98: P | T98: P | U98: P | V98: P | W98: P | X98: P | Z98: P | AA98: P | AB98: P | AC98: P | AD98: P | AE98: P | AJ98: =COUNTIF(F98:AI98,"p")+COUNTIF(F98:AI98,"pp")+COUNTIF(F98:AI98,"pp") -> 23
B99: 98 | C99: 33883 | D99: LOVEPREET SINGH | E99: GULJAR SINGH | F99: P | AJ99: =COUNTIF(F99:AI99,"p")+COUNTIF(F99:AI99,"pp")+COUNTIF(F99:AI99,"pp") -> 1
B100: 99 | C100: 33887 | D100: MANPREET SINGH | E100: HARBANS SINGH | F100: P | G100: P | H100: P | I100: P | K100: P | L100: P | R100: P | S100: P | T100: P | U100: P | V100: P | W100: P | Y100: P | Z100: P | AA100: P | AB100: P | AC100: P | AD100: P | AJ100: =COUNTIF(F100:AI100,"p")+COUNTIF(F100:AI100,"pp")+COUNTIF(F100:AI100,"pp") -> 18
B101: 100 | C101: 33894 | D101: PANKAJ KUMAR | E101: PAWAN KUMAR | V101: P | W101: P | X101: P | AF101: P | AG101: P | AH101: P | AJ101: =COUNTIF(F101:AI101,"p")+COUNTIF(F101:AI101,"pp")+COUNTIF(F101:AI101,"pp") -> 6
...

Sheet 12054-53
B2: Masure Project Pvt. Ltd. | AM2: Rate | AN2: Monthy Salary
B3: OBHS Attendance sheet of 12053-54 (Rake-01) Month:- Jun-2026 Site Name:- Amritsar OBHS (Attendance Day Per trip:- 01)
B4: S.N. | C4: EMP CODE | D4: TA ID No. | E4: EMP Name | F4: Father's Name | G4: Dig | H4: 1 | I4: 2 | J4: 3 | K4: 4 | L4: 5 | M4: 6 | N4: 7 | O4: 8 | P4: 9 | Q4: 10 | R4: 11 | S4: 12 | T4: 13 | U4: 14 | V4: 15 | W4: 16 | X4: 17 | Y4: 18 | Z4: 19 | AA4: 20 | AB4: 21 | AC4: 22 | AD4: 23 | AE4: 24 | AF4: 25 | AG4: 26 | AH4: 27 | AI4: 28 | AJ4: 29 | AK4: 30 | AL4: Total
B5: 1 | C5: 33540 | E5: BALVIR CHAND | F5: KANSRAJ | G5: EHK | H5: P | I5: P | J5: P | L5: P | M5: P | N5: P | O5: P | P5: P | Q5: P | S5: P | T5: P | U5: P | V5: P | Z5: P | AA5: P | AB5: P | AC5: P | AD5: P | AE5: P | AG5: P | AH5: P | AI5: P | AJ5: P | AK5: P | AL5: =COUNTIF(G5:AK5,"P")+COUNTIF(G5:AK5,"PP")+COUNTIF(G5:AK5,"PP") -> 24 | AM5: 600 | AN5: =AL5*AM5 -> 14400
B6: 2 | C6: 33872 | E6: MONEY KUMAR | F6: TARLOK RAJ | G6: OBHS | H6: P | I6: P | J6: P | L6: P | M6: P | N6: P | O6: P | P6: P | Q6: P | S6: P | T6: P | U6: P | V6: P | W6: P | X6: P | Z6: P | AA6: P | AB6: P | AC6: P | AD6: P | AE6: P | AH6: P | AI6: P | AJ6: P | AK6: P | AL6: =COUNTIF(G6:AK6,"P")+COUNTIF(G6:AK6,"PP")+COUNTIF(G6:AK6,"PP") -> 25 | AM6: 550 | AN6: =AL6*AM6 -> 13750
B7: 3 | C7: 33511 | E7: PRABHJOT SINGH | F7: TARSEM SINGH | G7: OBHS | L7: P | N7: P | AC7: P | AD7: P | AE7: P | AG7: P | AH7: P | AI7: P | AJ7: P | AK7: P | AL7: =COUNTIF(G7:AK7,"P")+COUNTIF(G7:AK7,"PP")+COUNTIF(G7:AK7,"PP") -> 10 | AM7: 550 | AN7: =AL7*AM7 -> 5500
B8: 4 | C8: 33496 | E8: PIPAL SINGH | F8: PRATAP SINGH | G8: OBHS | H8: P | I8: P | J8: P | L8: P | M8: P | N8: P | O8: P | P8: P | Q8: P | S8: P | T8: P | U8: P | V8: P | AB8: P | AC8: P | AD8: P | AE8: P | AG8: P | AH8: P | AJ8: P | AK8: P | AL8: =COUNTIF(G8:AK8,"P")+COUNTIF(G8:AK8,"PP")+COUNTIF(G8:AK8,"PP") -> 21 | AM8: 550 | AN8: =AL8*AM8 -> 11550
B9: 5 | C9: 33539 | E9: GURWINDER SINGH | F9: SATNAM SINGH | G9: OBHS | O9: P | P9: P | Q9: P | S9: P | T9: P | U9: P | V9: P | W9: P | X9: P | AD9: P | AE9: P | AG9: P | AH9: P | AI9: P | AJ9: P | AK9: P | AL9: =COUNTIF(G9:AK9,"P")+COUNTIF(G9:AK9,"PP")+COUNTIF(G9:AK9,"PP") -> 16 | AM9: 550 | AN9: =AL9*AM9 -> 8800
B10: 6 | C10: 33510 | E10: RAJIV KUMAR | F10: ROOP LAL | G10: OBHS | H10: P | I10: P | J10: P | M10: P | N10: P | O10: P | P10: P | Q10: P | S10: P | T10: P | U10: P | W10: P | X10: P | Z10: P | AA10: P | AB10: P | AD10: P | AH10: P | AI10: P | AJ10: P | AK10: P | AL10: =COUNTIF(G10:AK10,"P")+COUNTIF(G10:AK10,"PP")+COUNTIF(G10:AK10,"PP") -> 21 | AM10: 550 | AN10: =AL10*AM10 -> 11550
B11: 7 | C11: 33793 | E11: JAIMEET SINGH | F11: SANTOKH SINGH | G11: OBHS | J11: P | AL11: =COUNTIF(G11:AK11,"P")+COUNTIF(G11:AK11,"PP")+COUNTIF(G11:AK11,"PP") -> 1 | AM11: 550 | AN11: =AL11*AM11 -> 550
B12: 8 | C12: 33578 | E12: ARPIT GUPTA | F12: ANIL GUPTA | G12: OBHS | H12: P | I12: P | J12: P | L12: P | M12: P | N12: P | O12: P | P12: P | Q12: P | S12: P | T12: P | U12: P | V12: P | AA12: P | AL12: =COUNTIF(G12:AK12,"P")+COUNTIF(G12:AK12,"PP")+COUNTIF(G12:AK12,"PP") -> 14 | AM12: 550 | AN12: =AL12*AM12 -> 7700
B13: 9 | C13: 34167 | E13: SURENDER | F13: SHIV CHARAN | G13: OBHS | H13: P | I13: P | AL13: =COUNTIF(G13:AK13,"P")+COUNTIF(G13:AK13,"PP")+COUNTIF(G13:AK13,"PP") -> 2 | AM13: 550 | AN13: =AL13*AM13 -> 1100
B14: 10 | C14: 33661 | E14: DEEPAK | F14: AJIT SINGH | G14: OBHS | W14: P | Z14: P | AL14: =COUNTIF(G14:AK14,"P")+COUNTIF(G14:AK14,"PP")+COUNTIF(G14:AK14,"PP") -> 2 | AM14: 550 | AN14: =AL14*AM14 -> 1100
B15: 11 | C15: 33849 | E15: AJAY KUMAR | F15: RAM VILAS | G15: OBHS | M15: P | X15: P | AL15: =COUNTIF(G15:AK15,"P")+COUNTIF(G15:AK15,"PP")+COUNTIF(G15:AK15,"PP") -> 2 | AM15: 550 | AN15: =AL15*AM15 -> 1100
B16: 12 | C16: 33638 | E16: KAMALDEEP | F16: SUNIL KUMAR | G16: OBHS | Z16: P | AA16: P | AB16: P | AC16: P | AL16: =COUNTIF(G16:AK16,"P")+COUNTIF(G16:AK16,"PP")+COUNTIF(G16:AK16,"PP") -> 4 | AM16: 550 | AN16: =AL16*AM16 -> 2200
B17: 13 | C17: 34014 | E17: SUJAL PAL | F17: CHARAN PAL | G17: OBHS | L17: P | AL17: =COUNTIF(G17:AK17,"P")+COUNTIF(G17:AK17,"PP")+COUNTIF(G17:AK17,"PP") -> 1 | AM17: 550 | AN17: =AL17*AM17 -> 550
B18: 14 | C18: 34166 | E18: SIKANDER | F18: KALA RAM | G18: OBHS | W18: P | X18: P | AL18: =COUNTIF(G18:AK18,"P")+COUNTIF(G18:AK18,"PP")+COUNTIF(G18:AK18,"PP") -> 2 | AM18: 550 | AN18: =AL18*AM18 -> 1100
B19: 15 | C19: 34279 | E19: GURPREET SINGH | F19: AJIT SINGH | G19: OBHS | X19: P | AL19: =COUNTIF(G19:AK19,"P")+COUNTIF(G19:AK19,"PP")+COUNTIF(G19:AK19,"PP") -> 1 | AM19: 550 | AN19: =AL19*AM19 -> 550
B20: 16 | C20: 34686 | E20: SURAJ | F20: RAM MILAN | G20: OBHS | V20: P | AL20: =COUNTIF(G20:AK20,"P")+COUNTIF(G20:AK20,"PP")+COUNTIF(G20:AK20,"PP") -> 1 | AM20: 550 | AN20: =AL20*AM20 -> 550
B21: 17 | C21: 33720 | E21: ATUL SHARMA | F21: GIRISH SHARMA | G21: OBHS | Z21: P | AA21: P | AB21: P | AC21: P | AD21: P | AL21: =COUNTIF(G21:AK21,"P")+COUNTIF(G21:AK21,"PP")+COUNTIF(G21:AK21,"PP") -> 5 | AM21: 550 | AN21: =AL21*AM21 -> 2750
B22: 18 | C22: 34096 | E22: GURINDER SINGH | F22: SUKHWINDER SINGH | G22: OBHS | AC22: P | AL22: =COUNTIF(G22:AK22,"P")+COUNTIF(G22:AK22,"PP")+COUNTIF(G22:AK22,"PP") -> 1 | AM22: 550 | AN22: =AL22*AM22 -> 550
B23: 19 | C23: 33697 | E23: VISHAL SINGH | F23: RAVI SINGH | G23: OBHS | W23: P | AL23: =COUNTIF(G23:AK23,"P")+COUNTIF(G23:AK23,"PP")+COUNTIF(G23:AK23,"PP") -> 1 | AM23: 550 | AN23: =AL23*AM23 -> 550
B24: Total Per Day | H24: =COUNTIF(H5:H23,"P")+COUNTIF(H5:H23,"PP")+COUNTIF(H5:H23,"PP") -> 6 | I24: =COUNTIF(I5:I23,"P")+COUNTIF(I5:I23,"PP")+COUNTIF(I5:I23,"PP") -> 6 | J24: =COUNTIF(J5:J23,"P")+COUNTIF(J5:J23,"PP")+COUNTIF(J5:J23,"PP") -> 6 | K24: =COUNTIF(K5:K23,"P")+COUNTIF(K5:K23,"PP")+COUNTIF(K5:K23,"PP") -> 0 | L24: =COUNTIF(L5:L23,"P")+COUNTIF(L5:L23,"PP")+COUNTIF(L5:L23,"PP") -> 6 | M24: =COUNTIF(M5:M23,"P")+COUNTIF(M5:M23,"PP")+COUNTIF(M5:M23,"PP") -> 6 | N24: =COUNTIF(N5:N23,"P")+COUNTIF(N5:N23,"PP")+COUNTIF(N5:N23,"PP") -> 6 | O24: =COUNTIF(O5:O23,"P")+COUNTIF(O5:O23,"PP")+COUNTIF(O5:O23,"PP") -> 6 | ... AK24: =COUNTIF(AK5:AK23,"P")+COUNTIF(AK5:AK23,"PP")+COUNTIF(AK5:AK23,"PP") -> 6 | AL24: =SUM(AL5:AL23) -> 154 | AN24: =SUM(AN5:AN23) -> 85900

Sheet 12422-21
B2: Masure Project Pvt. Ltd. | AM2: Rate | AN2: Monthly Salary
B3: OBHS Attendance sheet of 12422/21 (Rake-01) Month:- JUNE-2026 Site Name:- Amritsar OBHS (Attendance Day Per trip:- 04)
B4: S.N. | C4: EMP CODE | D4: TA ID No. | E4: EMP Name | F4: Father's Name | G4: Dig | H4: 1 | I4: 2 | J4: 3 | K4: 4 | L4: 5 | M4: 6 | N4: 7 | O4: 8 | P4: 9 | Q4: 10 | R4: 11 | S4: 12 | T4: 13 | U4: 14 | V4: 15 | W4: 16 | X4: 17 | Y4: 18 | Z4: 19 | AA4: 20 | AB4: 21 | AC4: 22 | AD4: 23 | AE4: 24 | AF4: 25 | AG4: 26 | AH4: 27 | AI4: 28 | AJ4: 29 | AK4: 30 | AL4: Total
B5: 1 | C5: 33526 | E5: ASHWANI SINGH | F5: MANN SINGH | G5: EHK | H5: P | I5: P | J5: P | K5: P | O5: P | P5: P | Q5: P | R5: P | V5: P | W5: P | X5: P | Y5: P | AC5: P | AD5: P | AE5: P | AF5: P | AJ5: P | AK5: P | AL5: =COUNTIF(G5:AK5,"P")+COUNTIF(G5:AK5,"PP")+COUNTIF(G5:AK5,"PP") -> 18 | AM5: 600 | AN5: =AL5*AM5 -> 10800
B6: 2 | C6: 33791 | E6: RAVI | F6: SANTOKH SINGH | G6: OBHS | H6: P | I6: P | J6: P | K6: P | O6: P | P6: P | Q6: P | R6: P | AC6: P | AD6: P | AE6: P | AF6: P | AL6: =COUNTIF(G6:AK6,"P")+COUNTIF(G6:AK6,"PP")+COUNTIF(G6:AK6,"PP") -> 12 | AM6: 550 | AN6: =AL6*AM6 -> 6600
B7: 3 | C7: 34088 | E7: MANINDER SINGH | F7: RESHAM SINGH | G7: OBHS | H7: P | I7: P | J7: P | K7: P | O7: P | P7: P | Q7: P | R7: P | AL7: =COUNTIF(G7:AK7,"P")+COUNTIF(G7:AK7,"PP")+COUNTIF(G7:AK7,"PP") -> 8 | AM7: 550 | AN7: =AL7*AM7 -> 4400
B8: 4 | C8: 33887 | E8: MANPREET SINGH | F8: HARBANS SINGH | G8: OBHS | H8: P | I8: P | J8: P | K8: P | V8: P | W8: P | X8: P | Y8: P | AC8: P | AD8: P | AE8: P | AF8: P | AL8: =COUNTIF(G8:AK8,"P")+COUNTIF(G8:AK8,"PP")+COUNTIF(G8:AK8,"PP") -> 12 | AM8: 550 | AN8: =AL8*AM8 -> 6600
B9: 5 | C9: 33858 | E9: RAVINDER SINGH | F9: BALKAR SINGH | G9: OBHS | AJ9: P | AK9: P | AL9: =COUNTIF(G9:AK9,"P")+COUNTIF(G9:AK9,"PP")+COUNTIF(G9:AK9,"PP") -> 2 | AM9: 550 | AN9: =AL9*AM9 -> 1100
B10: 6 | C10: 33874 | E10: HARSHDEEP SINGH | F10: DALBIR SINGH | G10: OBHS | AJ10: P | AK10: P | AL10: =COUNTIF(G10:AK10,"P")+COUNTIF(G10:AK10,"PP")+COUNTIF(G10:AK10,"PP") -> 2 | AM10: 550 | AN10: =AL10*AM10 -> 1100
B11: 7 | C11: 34688 | E11: JASPINDER SINGH | F11: GURPREET SINGH | G11: OBHS | V11: P | W11: P | X11: P | Y11: P | AC11: P | AD11: P | AE11: P | AF11: P | AL11: =COUNTIF(G11:AK11,"P")+COUNTIF(G11:AK11,"PP")+COUNTIF(G11:AK11,"PP") -> 8 | AM11: 550 | AN11: =AL11*AM11 -> 4400
B12: 8 | C12: 34485 | E12: KARAN | F12: BINDER | G12: OBHS | V12: P | W12: P | X12: P | Y12: P | AL12: =COUNTIF(G12:AK12,"P")+COUNTIF(G12:AK12,"PP")+COUNTIF(G12:AK12,"PP") -> 4 | AM12: 550 | AN12: =AL12*AM12 -> 2200
B13: 9 | C13: 34484 | E13: AMANDEEP SINGH | F13: BALWINDER SINGH | G13: OBHS | V13: P | W13: P | X13: P | Y13: P | AJ13: P | AK13: P | AL13: =COUNTIF(G13:AK13,"P")+COUNTIF(G13:AK13,"PP")+COUNTIF(G13:AK13,"PP") -> 6 | AM13: 550 | AN13: =AL13*AM13 -> 3300
B14: 10 | C14: 34586 | E14: ARSHDEEP SINGH | F14: BALWINDER SINGH | G14: OBHS | AC14: P | AD14: P | AE14: P | AF14: P | AJ14: P | AK14: P | AL14: =COUNTIF(G14:AK14,"P")+COUNTIF(G14:AK14,"PP")+COUNTIF(G14:AK14,"PP") -> 6 | AM14: 550 | AN14: =AL14*AM14 -> 3300
B15: 11 | C15: 34285 | E15: PRINSPAL SINGH | F15: RAM SINGH | G15: OBHS | H15: P | I15: P | J15: P | K15: P | O15: P | P15: P | Q15: P | R15: P | AL15: =COUNTIF(G15:AK15,"P")+COUNTIF(G15:AK15,"PP")+COUNTIF(G15:AK15,"PP") -> 8 | AM15: 550 | AN15: =AL15*AM15 -> 4400
B16: 12 | C16: 34366 | E16: KARANDEEP SINGH | F16: HARJIT SINGH | G16: OBHS | O16: P | P16: P | Q16: P | R16: P | AL16: =COUNTIF(G16:AK16,"P")+COUNTIF(G16:AK16,"PP")+COUNTIF(G16:AK16,"PP") -> 4 | AM16: 550 | AN16: =AL16*AM16 -> 2200
B17: Total Per Day | H17: =COUNTIF(H5:H16,"P")+COUNTIF(H5:H16,"PP")+COUNTIF(H5:H16,"PP") -> 5 | I17: =COUNTIF(I5:I16,"P")+COUNTIF(I5:I16,"PP")+COUNTIF(I5:I16,"PP") -> 5 | J17: =COUNTIF(J5:J16,"P")+COUNTIF(J5:J16,"PP")+COUNTIF(J5:J16,"PP") -> 5 | K17: =COUNTIF(K5:K16,"P")+COUNTIF(K5:K16,"PP")+COUNTIF(K5:K16,"PP") -> 5 | L17: =COUNTIF(L5:L16,"P")+COUNTIF(L5:L16,"PP")+COUNTIF(L5:L16,"PP") -> 0 | M17: =COUNTIF(M5:M16,"P")+COUNTIF(M5:M16,"PP")+COUNTIF(M5:M16,"PP") -> 0 | N17: =COUNTIF(N5:N16,"P")+COUNTIF(N5:N16,"PP")+COUNTIF(N5:N16,"PP") -> 0 | O17: =COUNTIF(O5:O16,"P")+COUNTIF(O5:O16,"PP")+COUNTIF(O5:O16,"PP") -> 5 | ... AK17: =COUNTIF(AK5:AK16,"P")+COUNTIF(AK5:AK16,"PP")+COUNTIF(AK5:AK16,"PP") -> 5 | AL17: =SUM(AL5:AL16) -> 90 | AN17: =SUM(AN5:AN16) -> 50400

Sheet 14680-79
B2: Masure Project Pvt. Ltd. | AM2: Rate | AN2: Monthly Salary
B3: OBHS Attendance sheet of 14680/79 (Rake-01) Month:- Jun-2026 Site Name:- Amritsar OBHS (Attendance Day Per trip:- 02)
B4: S No. | C4: EMP CODE | D4: TA ID No. | E4: EMP Name | F4: Father's Name | G4: Dig | H4: 1 | I4: 2 | J4: 3 | K4: 4 | L4: 5 | M4: 6 | N4: 7 | O4: 8 | P4: 9 | Q4: 10 | R4: 11 | S4: 12 | T4: 13 | U4: 14 | V4: 15 | W4: 16 | X4: 17 | Y4: 18 | Z4: 19 | AA4: 20 | AB4: 21 | AC4: 22 | AD4: 23 | AE4: 24 | AF4: 25 | AG4: 26 | AH4: 27 | AI4: 28 | AJ4: 29 | AK4: 30 | AL4: Total
B5: 1 | C5: 34071 | E5: MANPREET SINGH | F5: MANJIT SINGH | G5: EHK | H5: P | I5: P | L5: P | M5: P | N5: P | O5: P | P5: P | X5: p | Y5: p | AA5: P | AB5: P | AC5: P | AD5: P | AH5: P | AI5: P | AJ5: P | AK5: P | AL5: =COUNTIF(G5:AK5,"P")+COUNTIF(G5:AK5,"PP")+COUNTIF(G5:AK5,"PP") -> 17 | AM5: 600 | AN5: =AL5*AM5 -> 10200
B6: 2 | C6: 33792 | E6: ANOOP KUMAR | F6: KISHAN CHAND | G6: EHK | AE6: P | AF6: P | AL6: =COUNTIF(G6:AK6,"P")+COUNTIF(G6:AK6,"PP")+COUNTIF(G6:AK6,"PP") -> 2 | AM6: 600 | AN6: =AL6*AM6 -> 1200
B7: 3 | C7: 33865 | E7: YOGESH KUMAR | F7: PRAM CHAND SINGH | G7: OBHS | AG7: P | AH7: P | AI7: P | AJ7: P | AK7: P | AL7: =COUNTIF(G7:AK7,"P")+COUNTIF(G7:AK7,"PP")+COUNTIF(G7:AK7,"PP") -> 5 | AM7: 600 | AN7: =AL7*AM7 -> 3000
B8: 4 | C8: 33680 | E8: RAJPAL SINGH | F8: MOOL CHAND | G8: OBHS | AJ8: P | AK8: P | AL8: =COUNTIF(G8:AK8,"P")+COUNTIF(G8:AK8,"PP")+COUNTIF(G8:AK8,"PP") -> 2 | AM8: 570 | AN8: =AL8*AM8 -> 1140
B9: 5 | C9: 33910 | E9: GULFAM | F9: MUNNE | G9: OBHS | N9: P | O9: P | P9: P | Q9: P | R9: P | S9: P | T9: P | U9: P | V9: P | W9: P | X9: P | Y9: P | AL9: =COUNTIF(G9:AK9,"P")+COUNTIF(G9:AK9,"PP")+COUNTIF(G9:AK9,"PP") -> 12 | AM9: 570 | AN9: =AL9*AM9 -> 6840
B10: 6 | C10: 33720 | E10: ATUL SHARMA | F10: GIRISH SHARMA | G10: OBHS | H10: P | I10: P | J10: P | K10: P | L10: P | M10: P | N10: P | S10: P | T10: P | U10: P | V10: P | W10: P | X10: P | AL10: =COUNTIF(G10:AK10,"P")+COUNTIF(G10:AK10,"PP")+COUNTIF(G10:AK10,"PP") -> 13 | AM10: 570 | AN10: =AL10*AM10 -> 7410
B11: 7 | C11: 34006 | E11: AVTAR SINGH | F11: DARBARA SINGH | G11: OBHS | H11: P | I11: P | J11: P | O11: P | P11: P | S11: P | T11: P | U11: P | V11: P | X11: p | Y11: p | AB11: P | AC11: P | AD11: P | AE11: P | AL11: =COUNTIF(G11:AK11,"P")+COUNTIF(G11:AK11,"PP")+COUNTIF(G11:AK11,"PP") -> 15 | AM11: 570 | AN11: =AL11*AM11 -> 8550
B12: 8 | C12: 33676 | E12: SONU BAGHEL | F12: PREM SINGH | G12: OBHS | AK12: P | AL12: =COUNTIF(G12:AK12,"P")+COUNTIF(G12:AK12,"PP")+COUNTIF(G12:AK12,"PP") -> 1 | AM12: 570 | AN12: =AL12*AM12 -> 570
B13: 9 | C13: 33662 | E13: MAHINDER KUMAR | F13: MUNI LAL | G13: OBHS | AK13: P | AL13: =COUNTIF(G13:AK13,"P")+COUNTIF(G13:AK13,"PP")+COUNTIF(G13:AK13,"PP") -> 1 | AM13: 570 | AN13: =AL13*AM13 -> 570
B14: 10 | C14: 33608 | E14: YOGESH KUMAR PAL | F14: MANOJ KUMAR PAL | G14: OBHS | H14: P | AL14: =COUNTIF(G14:AK14,"P")+COUNTIF(G14:AK14,"PP")+COUNTIF(G14:AK14,"PP") -> 1 | AM14: 570 | AN14: =AL14*AM14 -> 570
B15: 11 | C15: 33576 | E15: PRAVEEN KUMAR | F15: SANJAY KUMAR | G15: OBHS | H15: P | I15: P | J15: P | K15: P | L15: P | AL15: =COUNTIF(G15:AK15,"P")+COUNTIF(G15:AK15,"PP")+COUNTIF(G15:AK15,"PP") -> 5 | AM15: 570 | AN15: =AL15*AM15 -> 2850
B16: 12 | C16: 33816 | E16: JATINDER | F16: AJAY KUMAR | G16: OBHS | I16: P | J16: P | AL16: =COUNTIF(G16:AK16,"P")+COUNTIF(G16:AK16,"PP")+COUNTIF(G16:AK16,"PP") -> 2 | AM16: 570 | AN16: =AL16*AM16 -> 1140
B17: 13 | C17: 34280 | E17: AJAY SINGH | F17: DHEERA SINGH | G17: OBHS | I17: P | J17: P | AL17: =COUNTIF(G17:AK17,"P")+COUNTIF(G17:AK17,"PP")+COUNTIF(G17:AK17,"PP") -> 2 | AM17: 570 | AN17: =AL17*AM17 -> 1140
B18: 14 | C18: 34166 | E18: SIKANDER | F18: KALA RAM | G18: OBHS | J18: P | K18: P | AE18: P | AF18: P | AL18: =COUNTIF(G18:AK18,"P")+COUNTIF(G18:AK18,"PP")+COUNTIF(G18:AK18,"PP") -> 4 | AM18: 570 | AN18: =AL18*AM18 -> 2280
B19: 15 | C19: 33711 | E19: SURAJ | F19: RANBIR KUMAR | G19: OBHS | K19: P | L19: P | N19: P | O19: P | P19: P | Q19: P | R19: P | S19: P | AL19: =COUNTIF(G19:AK19,"P")+COUNTIF(G19:AK19,"PP")+COUNTIF(G19:AK19,"PP") -> 8 | AM19: 570 | AN19: =AL19*AM19 -> 4560
B20: 16 | C20: 33675 | E20: ANUBHAV SHARMA | F20: SHYAM SUNDER SHARMA | G20: OBHS | K20: P | L20: P | R20: P | S20: P | T20: P | U20: P | V20: P | W20: P | X20: P | Y20: P | AL20: =COUNTIF(G20:AK20,"P")+COUNTIF(G20:AK20,"PP")+COUNTIF(G20:AK20,"PP") -> 10 | AM20: 570 | AN20: =AL20*AM20 -> 5700
B21: 17 | C21: 34008 | E21: DHEERAJ MISHRA | F21: MANOJ MISHRA | G21: EHK | AF21: P | AG21: P | AL21: =COUNTIF(G21:AK21,"P")+COUNTIF(G21:AK21,"PP")+COUNTIF(G21:AK21,"PP") -> 2 | AM21: 600 | AN21: =AL21*AM21 -> 1200
B22: 18 | C22: 33987 | E22: ARUN | F22: SURESH | G22: OBHS | AG22: P | AH22: P | AL22: =COUNTIF(G22:AK22,"P")+COUNTIF(G22:AK22,"PP")+COUNTIF(G22:AK22,"PP") -> 2 | AM22: 570 | AN22: =AL22*AM22 -> 1140
B23: 19 | C23: 34002 | E23: CHANDAN SAGAR | F23: NET RAM | G23: OBHS | R23: P | S23: P | AL23: =COUNTIF(G23:AK23,"P")+COUNTIF(G23:AK23,"PP")+COUNTIF(G23:AK23,"PP") -> 2 | AM23: 570 | AN23: =AL23*AM23 -> 1140
B24: Total Per Day | H24: =COUNTIF(H5:H23,"P")+COUNTIF(H5:H23,"PP")+COUNTIF(H5:H23,"PP") -> 5 | I24: =COUNTIF(I5:I23,"P")+COUNTIF(I12:I23,"PP")+COUNTIF(I12:I23,"PP") -> 6 | J24: =COUNTIF(J5:J23,"P")+COUNTIF(J12:J23,"PP")+COUNTIF(J12:J23,"PP") -> 6 | K24: =COUNTIF(K5:K23,"P")+COUNTIF(K12:K23,"PP")+COUNTIF(K12:K23,"PP") -> 5 | L24: =COUNTIF(L5:L23,"P")+COUNTIF(L12:L23,"PP")+COUNTIF(L12:L23,"PP") -> 5 | M24: =COUNTIF(M5:M23,"P")+COUNTIF(M12:M23,"PP")+COUNTIF(M12:M23,"PP") -> 2 | N24: =COUNTIF(N5:N23,"P")+COUNTIF(N12:N23,"PP")+COUNTIF(N12:N23,"PP") -> 4 | O24: =COUNTIF(O5:O23,"P")+COUNTIF(O12:O23,"PP")+COUNTIF(O12:O23,"PP") -> 4 | P24: =COUNTIF(P5:P23,"P")+COUNTIF(P12:P23,"PP")+COUNTIF(P12:P23,"PP") -> 4 | ... AK24: =COUNTIF(AK5:AK23,"P")+COUNTIF(AK12:AK23,"PP")+COUNTIF(AK12:AK23,"PP") -> 5 | AL24: =SUM(AL5:AL23) -> 106 | AN24: =SUM(AN5:AN23) -> 61200
B26: Masure Project Pvt. Ltd. | AM26: Rate | AN26: Monthly Salary
B27: OBHS Attendance sheet of 14680/79 (Rake-02) Month:- Jun-2026 Site Name:- Amritsar OBHS (Attendance Day Per trip:- 02)
B28: S No. | C28: EMP CODE | D28: TA ID No. | E28: EMP Name | F28: Father's Name | G28: Dig | H28: 1 | I28: 2 | J28: 3 | K28: 4 | L28: 5 | M28: 6 | N28: 7 | O28: 8 | P28: 9 | Q28: 10 | R28: 11 | S28: 12 | T28: 13 | U28: 14 | V28: 15 | W28: 16 | X28: 17 | Y28: 18 | Z28: 19 | AA28: 20 | AB28: 21 | AC28: 22 | AD28: 23 | AE28: 24 | AF28: 25 | AG28: 26 | AH28: 27 | AI28: 28 | AJ28: 29 | AK28: 30 | AL28: Total
B29: 1 | C29: 33869 | E29: RAJ KUMAR | F29: JAGDISH LAL | G29: EHK | H29: P | AL29: =COUNTIF(G29:AK29,"P")+COUNTIF(G29:AK29,"PP")+COUNTIF(G29:AK29,"PP") -> 1 | AM29: 600 | AN29: =AL29*AM29 -> 600
B30: 2 | C30: 34058 | E30: SYED KHALID WALIED | F30: SYED ZAHID AHMAD | G30: EHK | J30: P | K30: P | L30: P | M30: P | N30: P | S30: P | T30: P | U30: P | V30: P | W30: P | X30: P | AB30: P | AC30: P | AD30: P | AE30: P | AL30: =COUNTIF(G30:AK30,"P")+COUNTIF(G30:AK30,"PP")+COUNTIF(G30:AK30,"PP") -> 15 | AM30: 600 | AN30: =AL30*AM30 -> 9000
B31: 3 | C31: 33572 | E31: GURLAL SINGH | F31: HARPREET SINGH | G31: OBHS | W31: P | X31: P | Z31: P | AA31: P | AL31: =COUNTIF(G31:AK31,"P")+COUNTIF(G31:AK31,"PP")+COUNTIF(G31:AK31,"PP") -> 4 | AM31: 570 | AN31: =AL31*AM31 -> 2280
B32: 1 | C32: 33578 | E32: ARPIT GUPTA | F32: ANIL GUPTA | G32: OBHS | X32: p | Y32: p | AB32: P | AC32: P | AH32: P | AI32: P | AL32: =COUNTIF(G32:AK32,"P")+COUNTIF(G32:AK32,"PP")+COUNTIF(G32:AK32,"PP") -> 6 | AM32: 570 | AN32: =AL32*AM32 -> 3420
B33: 2 | C33: 33638 | E33: KAMALDEEP | F33: SUNIL KUMAR | G33: OBHS | N33: P | O33: P | P33: P | Q33: P | S33: P | T33: P | U33: P | V33: P | X33: P | Y33: P | AL33: =COUNTIF(G33:AK33,"P")+COUNTIF(G33:AK33,"PP")+COUNTIF(G33:AK33,"PP") -> 10 | AM33: 570 | AN33: =AL33*AM33 -> 5700
B34: 3 | C34: 34185 | E34: UMESH KUMAR | F34: VEDPAL SINGH | G34: OBHS | O34: P | P34: P | AL34: =COUNTIF(G34:AK34,"P")+COUNTIF(G34:AK34,"PP")+COUNTIF(G34:AK34,"PP") -> 2 | AM34: 570 | AN34: =AL34*AM34 -> 1140
B35: 4 | C35: 34209 | E35: BHAGWANT SINGH | F35: JOGINDER LAL | G35: OBHS | H35: P | I35: P | AL35: =COUNTIF(G35:AK35,"P")+COUNTIF(G35:AK35,"PP")+COUNTIF(G35:AK35,"PP") -> 2 | AM35: 570 | AN35: =AL35*AM35 -> 1140
B36: 5 | C36: 33244 | E36: BHAGAT RAM | F36: HULASH RAM | G36: OBHS | T36: P | U36: P | AL36: =COUNTIF(G36:AK36,"P")+COUNTIF(G36:AK36,"PP")+COUNTIF(G36:AK36,"PP") -> 2 | AM36: 570 | AN36: =AL36*AM36 -> 1140
B37: 6 | C37: 33249 | E37: GANGADER TIWARI | F37: MADAN TIWARI | G37: OBHS | T37: P | U37: P | AL37: =COUNTIF(G37:AK37,"P")+COUNTIF(G37:AK37,"PP")+COUNTIF(G37:AK37,"PP") -> 2 | AM37: 570 | AN37: =AL37*AM37 -> 1140
B38: 7 | C38: 34651 | E38: GULSHAN | F38: BHAJAN SINGH | G38: OBHS | AG38: P | AH38: P | AL38: =COUNTIF(G38:AK38,"P")+COUNTIF(G38:AK38,"PP")+COUNTIF(G38:AK38,"PP") -> 2 | AM38: 570 | AN38: =AL38*AM38 -> 1140
B39: 8 | C39: 34644 | E39: AMRITPAL SINGH | F39: KULDEEP SINGH | G39: OBHS | AI39: P | AJ39: P | AL39: =COUNTIF(G39:AK39,"P")+COUNTIF(G39:AK39,"PP")+COUNTIF(G39:AK39,"PP") -> 2 | AM39: 570 | AN39: =AL39*AM39 -> 1140
B40: 9 | C40: 34286 | E40: VIKAS | F40: FIRTU RAM | G40: OBHS | V40: P | W40: P | AJ40: P | AK40: P | AL40: =COUNTIF(G40:AK40,"P")+COUNTIF(G40:AK40,"PP")+COUNTIF(G40:AK40,"PP") -> 4 | AM40: 570 | AN40: =AL40*AM40 -> 2280
B41: 10 | C41: 34584 | E41: SAHIL | F41: SHRI RAM | G41: OBHS | Z41: P | AA41: P | AD41: P | AE41: P | AG41: P | AH41: P | AL41: =COUNTIF(G41:AK41,"P")+COUNTIF(G41:AK41,"PP")+COUNTIF(G41:AK41,"PP") -> 6 | AM41: 570 | AN41: =AL41*AM41 -> 3420
B42: 11 | C42: 34586 | E42: ARSHDEEP SINGH | F42: BALWINDER SINGH | G42: OBHS | Z42: P | AA42: P | AL42: =COUNTIF(G42:AK42,"P")+COUNTIF(G42:AK42,"PP")+COUNTIF(G42:AK42,"PP") -> 2 | AM42: 570 | AN42: =AL42*AM42 -> 1140
B43: 12 | C43: 33868 | E43: PRITPAL SINGH | F43: BASANT SINGH | G43: OBHS | AB43: P | AC43: P | AL43: =COUNTIF(G43:AK43,"P")+COUNTIF(G43:AK43,"PP")+COUNTIF(G43:AK43,"PP") -> 2 | AM43: 570 | AN43: =AL43*AM43 -> 1140
B44: 13 | C44: 33700 | E44: JASWINDER SINGH | F44: GURCHARAN SINGH | G44: OBHS | AC44: P | AD44: P | AF44: P | AG44: P | AH44: P | AI44: P | AL44: =COUNTIF(G44:AK44,"P")+COUNTIF(G44:AK44,"PP")+COUNTIF(G44:AK44,"PP") -> 6 | AM44: 570 | AN44: =AL44*AM44 -> 3420
B45: 14 | C45: 34167 | E45: SURENDER | F45: SHIV CHARAN | G45: OBHS | J45: P | K45: P | L45: P | M45: P | N45: P | AD45: P | AE45: P | AK45: P | AL45: =COUNTIF(G45:AK45,"P")+COUNTIF(G45:AK45,"PP")+COUNTIF(G45:AK45,"PP") -> 8 | AM45: 570 | AN45: =AL45*AM45 -> 4560
B46: 15 | C46: 33855 | E46: BRAJESH KUMAR | F46: SHRAVAN KUMAR | G46: OBHS | N46: P | O46: P | P46: P | Q46: P | AL46: =COUNTIF(G46:AK46,"P")+COUNTIF(G46:AK46,"PP")+COUNTIF(G46:AK46,"PP") -> 4 | AM46: 570 | AN46: =AL46*AM46 -> 2280
B47: 16 | C47: 34467 | E47: HARPREET SINGH | F47: BALKAR SINGH | G47: OBHS | W47: P | X47: P | Z47: P | AA47: P | AL47: =COUNTIF(G47:AK47,"P")+COUNTIF(G47:AK47,"PP")+COUNTIF(G47:AK47,"PP") -> 4 | AM47: 570 | AN47: =AL47*AM47 -> 2280
B48: 17 | C48: 33661 | E48: DEEPAK | F48: AJIT SINGH | G48: OBHS | X48: P | Y48: P | AA48: P | AB48: P | AC48: P | AD48: P | AL48: =COUNTIF(G48:AK48,"P")+COUNTIF(G48:AK48,"PP")+COUNTIF(G48:AK48,"PP") -> 6 | AM48: 570 | AN48: =AL48*AM48 -> 3420
B49: 18 | C49: 33677 | E49: SANJEEV TIWARI | F49: RAGHUVEER SINGH | G49: OBHS | K49: P | L49: P | X49: p | Y49: p | AA49: P | AB49: P | AC49: P | AD49: P | AH49: P | AI49: P | AL49: =COUNTIF(G49:AK49,"P")+COUNTIF(G49:AK49,"PP")+COUNTIF(G49:AK49,"PP") -> 10 | AM49: 570 | AN49: =AL49*AM49 -> 5700
B50: 19 | C50: 33255 | E50: MANISH DAS | F50: SANTOSH DAS | G50: OBHS | AJ50: P | AK50: P | AL50: =COUNTIF(G50:AK50,"P")+COUNTIF(G50:AK50,"PP")+COUNTIF(G50:AK50,"PP") -> 2 | AM50: 570 | AN50: =AL50*AM50 -> 1140
B51: 20 | C51: 33793 | E51: JAIMEET SINGH | F51: SANTOKH SINGH | G51: OBHS | H51: P | I51: P | O51: P | P51: P | AL51: =COUNTIF(G51:AK51,"P")+COUNTIF(G51:AK51,"PP")+COUNTIF(G51:AK51,"PP") -> 4 | AM51: 570 | AN51: =AL51*AM51 -> 2280
B52: Total Per Day | H52: =COUNTIF(H29:H51,"P")+COUNTIF(H29:H51,"PP")+COUNTIF(H29:H51,"PP") -> 3 | I52: =COUNTIF(I29:I51,"P")+COUNTIF(I29:I51,"PP")+COUNTIF(I29:I51,"PP") -> 2 | J52: =COUNTIF(J29:J51,"P")+COUNTIF(J29:J51,"PP")+COUNTIF(J29:J51,"PP") -> 2 | K52: =COUNTIF(K29:K51,"P")+COUNTIF(K29:K51,"PP")+COUNTIF(K29:K51,"PP") -> 3 | L52: =COUNTIF(L29:L51,"P")+COUNTIF(L29:L51,"PP")+COUNTIF(L29:L51,"PP") -> 3 | M52: =COUNTIF(M29:M51,"P")+COUNTIF(M29:M51,"PP")+COUNTIF(M29:M51,"PP") -> 2 | N52: =COUNTIF(N29:N51,"P")+COUNTIF(N29:N51,"PP")+COUNTIF(N29:N51,"PP") -> 4 | O52: =COUNTIF(O29:O51,"P")+COUNTIF(O29:O51,"PP")+COUNTIF(O29:O51,"PP") -> 4 | ... AK52: =COUNTIF(AK29:AK51,"P")+COUNTIF(AK29:AK51,"PP")+COUNTIF(AK29:AK51,"PP") -> 3 | AL52: =SUM(AL29:AL51) -> 106 | AN52: =SUM(AN29:AN51) -> 60900
B54: Total Salary of 2 Rake | AN54: =AN24+AN52 -> 122100

Sheet 22488-87
B2: Masure Project Pvt. Ltd. | AM2: Rate | AN2: Monthly Salary
B3: OBHS Attendance sheet of 22488/87 (Rake-01) Month:- Jun-2026 Site Name:- Amritsar OBHS (Attendance Day Per trip:- 01)
B4: S No. | C4: EMP CODE | D4: TA ID No. | E4: EMP Name | F4: Father's Name | G4: Dig | H4: 1 | I4: 2 | J4: 3 | K4: 4 | L4: 5 | M4: 6 | N4: 7 | O4: 8 | P4: 9 | Q4: 10 | R4: 11 | S4: 12 | T4: 13 | U4: 14 | V4: 15 | W4: 16 | X4: 17 | Y4: 18 | Z4: 19 | AA4: 20 | AB4: 21 | AC4: 22 | AD4: 23 | AE4: 24 | AF4: 25 | AG4: 26 | AH4: 27 | AI4: 28 | AJ4: 29 | AK4: 30 | AL4: Total
B5: 1 | C5: 33514 | D5: 3 | E5: PREM PRAKASH | F5: DAVINDER | G5: EHK | H5: P | I5: P | J5: P | K5: P | M5: P | N5: P | U5: P | V5: P | AK5: PP | AL5: =COUNTIF(G5:AK5,"P")+COUNTIF(G5:AK5,"PP")+COUNTIF(G5:AK5,"PP") -> 10 | AM5: 600 | AN5: =AM5*AL5 -> 6000
B6: 2 | C6: 33502 | E6: SOURAV | F6: PAWAN KUMAR | G6: OBHS | H6: P | I6: P | J6: PP | K6: P | M6: P | N6: P | AK6: P | AL6: =COUNTIF(G6:AK6,"P")+COUNTIF(G6:AK6,"PP")+COUNTIF(G6:AK6,"PP") -> 8 | AM6: 550 | AN6: =AM6*AL6 -> 4400
C7: 33502 | E7: SOURAV | F7: PAWAN KUMAR | G7: EHK | O7: P | P7: P | Q7: P | R7: P | T7: P | U7: P | V7: P | W7: P | X7: P | Y7: p | AA7: P | AB7: P | AC7: P | AD7: P | AE7: P | AF7: P | AH7: P | AI7: P | AJ7: P | AL7: =COUNTIF(G7:AK7,"P")+COUNTIF(G7:AK7,"PP")+COUNTIF(G7:AK7,"PP") -> 19 | AM7: 600 | AN7: =AM7*AL7 -> 11400
B8: 3 | C8: 33556 | D8: 5 | E8: NARINDER SHARMA | F8: HIRA LAL | G8: OBHS | H8: P | I8: P | J8: P | K8: P | M8: P | N8: P | O8: P | P8: P | Q8: P | R8: P | U8: P | V8: P | W8: P | X8: P | Y8: p | AA8: P | AB8: P | AC8: P | AD8: P | AE8: P | AF8: P | AH8: P | AK8: P | AL8: =COUNTIF(G8:AK8,"P")+COUNTIF(G8:AK8,"PP")+COUNTIF(G8:AK8,"PP") -> 23 | AM8: 550 | AN8: =AM8*AL8 -> 12650
B9: 4 | C9: 33500 | D9: 16 | E9: SANT SINGH | F9: VEER SINGH | G9: OBHS | H9: P | I9: P | J9: P | K9: P | M9: P | N9: P | O9: P | P9: P | Q9: PP | R9: P | T9: P | U9: P | V9: P | W9: P | X9: P | AA9: P | AB9: P | AC9: P | AD9: PP | AE9: P | AF9: P | AH9: P | AI9: P | AJ9: PP | AK9: P | AL9: =COUNTIF(G9:AK9,"P")+COUNTIF(G9:AK9,"PP")+COUNTIF(G9:AK9,"PP") -> 28 | AM9: 550 | AN9: =AM9*AL9 -> 15400
B10: 5 | C10: 33522 | D10: 11 | E10: SUNIL KUMAR | F10: MISHRI LAL | G10: OBHS | H10: P | I10: P | J10: P | K10: P | N10: P | O10: P | P10: P | Q10: P | R10: P | T10: P | U10: P | V10: P | W10: P | X10: P | Y10: p | AA10: PP | AB10: P | AC10: P | AD10: P | AE10: P | AF10: P | AH10: P | AI10: P | AJ10: P | AK10: P | AL10: =COUNTIF(G10:AK10,"P")+COUNTIF(G10:AK10,"PP")+COUNTIF(G10:AK10,"PP") -> 26 | AM10: 550 | AN10: =AM10*AL10 -> 14300
B11: 6 | C11: 33498 | D11: 4 | E11: SHAKTI KUMAR | F11: MURGESH | G11: OBHS | H11: P | I11: P | J11: P | K11: P | M11: P | N11: PP | O11: P | P11: P | Q11: P | R11: P | T11: P | U11: P | V11: PP | W11: P | X11: P | Y11: p | AA11: P | AB11: P | AC11: P | AD11: P | AE11: P | AF11: P | AH11: P | AI11: P | AJ11: P | AK11: P | AL11: =COUNTIF(G11:AK11,"P")+COUNTIF(G11:AK11,"PP")+COUNTIF(G11:AK11,"PP") -> 28 | AM11: 550 | AN11: =AM11*AL11 -> 15400
B12: 7 | C12: 33534 | D12: 55 | E12: SUGREEV | F12: MAHAVEER | G12: OBHS | H12: P | I12: PP | J12: P | K12: P | M12: P | N12: P | O12: P | P12: PP | Q12: P | R12: P | T12: P | U12: P | V12: P | W12: P | X12: P | Y12: p | AA12: P | AB12: P | AC12: P | AD12: P | AE12: P | AF12: P | AH12: P | AI12: P | AJ12: P | AK12: P | AL12: =COUNTIF(G12:AK12,"P")+COUNTIF(G12:AK12,"PP")+COUNTIF(G12:AK12,"PP") -> 28 | AM12: 550 | AN12: =AM12*AL12 -> 15400
B13: 8 | C13: 33859 | D13: 25 | E13: SARABJEET SINGH | F13: AMRIK SINGH | G13: OBHS | H13: P | I13: P | J13: P | K13: P | M13: P | N13: P | P13: P | Q13: P | R13: P | T13: P | U13: P | V13: P | W13: PP | X13: P | Y13: p | AA13: P | AB13: P | AC13: P | AD13: P | AE13: P | AF13: P | AH13: P | AI13: P | AJ13: P | AK13: P | AL13: =COUNTIF(G13:AK13,"P")+COUNTIF(G13:AK13,"PP")+COUNTIF(G13:AK13,"PP") -> 26 | AM13: 550 | AN13: =AM13*AL13 -> 14300
B14: 9 | C14: 33499 | D14: 12 | E14: HARJINDER | F14: KULWANT SINGH | G14: OBHS | H14: P | I14: P | J14: P | K14: P | N14: P | O14: P | P14: P | Q14: P | R14: P | T14: P | U14: P | V14: P | W14: P | X14: P | Y14: p | AA14: P | AB14: PP | AC14: P | AD14: P | AE14: P | AF14: P | AH14: P | AI14: P | AJ14: P | AK14: P | AL14: =COUNTIF(G14:AK14,"P")+COUNTIF(G14:AK14,"PP")+COUNTIF(G14:AK14,"PP") -> 26 | AM14: 550 | AN14: =AM14*AL14 -> 14300
B15: 10 | C15: 34008 | E15: DHEERAJ MISHRA | F15: MANOJ MISHRA | G15: EHK | M15: P | AL15: =COUNTIF(G15:AK15,"P")+COUNTIF(G15:AK15,"PP")+COUNTIF(G15:AK15,"PP") -> 1 | AM15: 600 | AN15: =AM15*AL15 -> 600
B16: 11 | C16: 33662 | E16: MAHINDER KUMAR | F16: MUNI LAL | G16: OBHS | AI16: P | AJ16: P | AL16: =COUNTIF(G16:AK16,"P")+COUNTIF(G16:AK16,"PP")+COUNTIF(G16:AK16,"PP") -> 2 | AM16: 550 | AN16: =AM16*AL16 -> 1100
B17: 12 | C17: 33816 | E17: JATINDER | F17: AJAY KUMAR | G17: OBHS | Y17: p | AL17: =COUNTIF(G17:AK17,"P")+COUNTIF(G17:AK17,"PP")+COUNTIF(G17:AK17,"PP") -> 1 | AM17: 550 | AN17: =AM17*AL17 -> 550
B18: 13 | C18: 34686 | E18: SURAJ | F18: RAM MILAN | G18: OBHS | O18: P | P18: P | Q18: P | R18: P | T18: P | W18: P | X18: P | Y18: p | AA18: P | AC18: P | AD18: P | AE18: P | AF18: P | AH18: P | AJ18: P | AL18: =COUNTIF(G18:AK18,"P")+COUNTIF(G18:AK18,"PP")+COUNTIF(G18:AK18,"PP") -> 15 | AM18: 550 | AN18: =AM18*AL18 -> 8250
B19: Total Per Day | H19: =COUNTIF(H5:H18,"P")+COUNTIF(H5:H18,"PP")+COUNTIF(H5:H18,"PP") -> 9 | I19: =COUNTIF(I5:I18,"P")+COUNTIF(I5:I18,"PP")+COUNTIF(I5:I18,"PP") -> 10 | J19: =COUNTIF(J5:J18,"P")+COUNTIF(J5:J18,"PP")+COUNTIF(J5:J18,"PP") -> 10 | K19: =COUNTIF(K5:K18,"P")+COUNTIF(K5:K18,"PP")+COUNTIF(K5:K18,"PP") -> 9 | L19: =COUNTIF(L5:L18,"P")+COUNTIF(L5:L18,"PP")+COUNTIF(L5:L18,"PP") -> 0 | M19: =COUNTIF(M5:M18,"P")+COUNTIF(M5:M18,"PP")+COUNTIF(M5:M18,"PP") -> 8 | N19: =COUNTIF(N5:N18,"P")+COUNTIF(N5:N18,"PP")+COUNTIF(N5:N18,"PP") -> 10 | O19: =COUNTIF(O5:O18,"P")+COUNTIF(O5:O18,"PP")+COUNTIF(O5:O18,"PP") -> 8 | ... AK19: =COUNTIF(AK5:AK18,"P")+COUNTIF(AK5:AK18,"PP")+COUNTIF(AK5:AK18,"PP") -> 10 | AL19: =SUM(AL5:AL18) -> 241 | AN19: =SUM(AN5:AN18) -> 134050

Sheet 14650-49
B2: Masure Project Pvt. Ltd. | AM2: Rate | AN2: Monthly Salary
B3: OBHS Attendance sheet of 14650/49 (Rake-01) Month:- Jun-2026 Site Name:- Amritsar OBHS (Attendance Day Per trip:- 04)
B4: S.N. | C4: EMP CODE | D4: TA ID No. | E4: EMP Name | F4: Father's Name | G4: Dig | H4: 1 | I4: 2 | J4: 3 | K4: 4 | L4: 5 | M4: 6 | N4: 7 | O4: 8 | P4: 9 | Q4: 10 | R4: 11 | S4: 12 | T4: 13 | U4: 14 | V4: 15 | W4: 16 | X4: 17 | Y4: 18 | Z4: 19 | AA4: 20 | AB4: 21 | AC4: 22 | AD4: 23 | AE4: 24 | AF4: 25 | AG4: 26 | AH4: 27 | AI4: 28 | AJ4: 29 | AK4: 30 | AL4: Total
B5: 1 | C5: 33982 | D5: 135 | E5: SHIVA | F5: VIJENDRA SINGH | G5: EHK | V5: P | W5: P | X5: P | Y5: P | AL5: =COUNTIF(G5:AK5,"P")+COUNTIF(G5:AK5,"PP")+COUNTIF(G5:AK5,"PP") -> 4 | AM5: 600 | AN5: =AL5*AM5 -> 2400
B6: 2 | C6: 33547 | E6: SUKHWINDER SINGH | F6: PAL SINGH | G6: EHK | M6: P | N6: P | O6: P | P6: P | Q6: P | R6: P | S6: P | T6: P | AH6: P | AI6: P | AJ6: P | AK6: P | AL6: =COUNTIF(G6:AK6,"P")+COUNTIF(G6:AK6,"PP")+COUNTIF(G6:AK6,"PP") -> 12 | AM6: 600 | AN6: =AL6*AM6 -> 7200
B7: 3 | C7: 34585 | E7: LOVEDEEP SINGH | F7: SAWINDER SINGH | G7: EHK | AC7: P | AD7: P | AE7: P | AF7: P | AL7: =COUNTIF(G7:AK7,"P")+COUNTIF(G7:AK7,"PP")+COUNTIF(G7:AK7,"PP") -> 4 | AM7: 600 | AN7: =AL7*AM7 -> 2400
B8: 4 | C8: 33637 | E8: ARJUN | F8: PURAN | G8: OBHS | J8: P | K8: P | L8: P | M8: P | V8: P | W8: P | X8: P | Y8: P | AH8: P | AI8: P | AJ8: P | AK8: P | AL8: =COUNTIF(G8:AK8,"P")+COUNTIF(G8:AK8,"PP")+COUNTIF(G8:AK8,"PP") -> 12 | AM8: 550 | AN8: =AL8*AM8 -> 6600
B9: 5 | C9: 33517 | E9: SUKHWINDER SINGH | F9: JASWANT SINGH | G9: OBHS | AH9: P | AI9: P | AJ9: P | AK9: P | AL9: =COUNTIF(G9:AK9,"P")+COUNTIF(G9:AK9,"PP")+COUNTIF(G9:AK9,"PP") -> 4 | AM9: 550 | AN9: =AL9*AM9 -> 2200
B10: 6 | C10: 33654 | E10: AKASHDEEP SINGH | F10: SATNAM SINGH | G10: OBHS | M10: P | N10: P | O10: P | P10: P | AL10: =COUNTIF(G10:AK10,"P")+COUNTIF(G10:AK10,"PP")+COUNTIF(G10:AK10,"PP") -> 4 | AM10: 550 | AN10: =AL10*AM10 -> 2200
B11: 7 | C11: 33783 | E11: VISHAL | F11: SATNAM SINGH | G11: OBHS | M11: P | N11: P | O11: P | P11: P | AL11: =COUNTIF(G11:AK11,"P")+COUNTIF(G11:AK11,"PP")+COUNTIF(G11:AK11,"PP") -> 4 | AM11: 550 | AN11: =AL11*AM11 -> 2200
B12: 8 | C12: 33515 | D12: 45 | E12: GURMAIL SINGH | F12: HARJINDER SINGH | G12: OBHS | T12: P | U12: P | V12: P | W12: P | X12: P | Y12: P | Z12: P | AA12: P | AL12: =COUNTIF(G12:AK12,"P")+COUNTIF(G12:AK12,"PP")+COUNTIF(G12:AK12,"PP") -> 8 | AM12: 550 | AN12: =AL12*AM12 -> 4400
B13: 9 | C13: 33585 | E13: ARSHDEEP SINGH | F13: CHARANJEET SINGH | G13: OBHS | M13: P | N13: P | O13: P | P13: P | Q13: P | R13: P | S13: P | T13: P | V13: P | W13: P | X13: P | Y13: P | AA13: P | AB13: P | AC13: P | AD13: P | AL13: =COUNTIF(G13:AK13,"P")+COUNTIF(G13:AK13,"PP")+COUNTIF(G13:AK13,"PP") -> 16 | AM13: 550 | AN13: =AL13*AM13 -> 8800
B14: 10 | C14: 33857 | E14: DAVINDER SINGH | F14: RAM SINGH | G14: OBHS | T14: P | U14: P | V14: P | W14: P | X14: P | Y14: P | Z14: P | AA14: P | AL14: =COUNTIF(G14:AK14,"P")+COUNTIF(G14:AK14,"PP")+COUNTIF(G14:AK14,"PP") -> 8 | AM14: 550 | AN14: =AL14*AM14 -> 4400
B15: 11 | C15: 33794 | E15: VISHAL SINGH | F15: RAKESH SINGH | G15: OBHS | W15: P | X15: P | Y15: P | Z15: P | AA15: P | AB15: P | AC15: P | AD15: P | AE15: P | AF15: P | AG15: P | AH15: P | AL15: =COUNTIF(G15:AK15,"P")+COUNTIF(G15:AK15,"PP")+COUNTIF(G15:AK15,"PP") -> 12 | AM15: 550 | AN15: =AL15*AM15 -> 6600
B16: 12 | C16: 34469 | E16: AJAY SHARMA | F16: ASHWANI SHARMA | G16: OBHS | W16: P | X16: P | Y16: P | Z16: P | AA16: P | AB16: P | AC16: P | AD16: P | AE16: P | AF16: P | AG16: P | AH16: P | AL16: =COUNTIF(G16:AK16,"P")+COUNTIF(G16:AK16,"PP")+COUNTIF(G16:AK16,"PP") -> 12 | AM16: 550 | AN16: =AL16*AM16 -> 6600
B17: 13 | C17: 33849 | E17: AJAY KUMAR | F17: RAM VILAS | G17: OBHS | AC17: P | AD17: P | AE17: P | AF17: P | AL17: =COUNTIF(G17:AK17,"P")+COUNTIF(G17:AK17,"PP")+COUNTIF(G17:AK17,"PP") -> 4 | AM17: 550 | AN17: =AL17*AM17 -> 2200
B18: 14 | C18: 34583 | E18: RAKESH YADAV | F18: DEVI PARSHAD YADAV | G18: OBHS | AC18: P | AD18: P | AE18: P | AF18: P | AL18: =COUNTIF(G18:AK18,"P")+COUNTIF(G18:AK18,"PP")+COUNTIF(G18:AK18,"PP") -> 4 | AM18: 550 | AN18: =AL18*AM18 -> 2200
B19: 15 | C19: 34685 | E19: PRITPAL SINGH | F19: JASBIR SINGH | G19: OBHS | AC19: P | AD19: P | AE19: P | AF19: P | AL19: =COUNTIF(G19:AK19,"P")+COUNTIF(G19:AK19,"PP")+COUNTIF(G19:AK19,"PP") -> 4 | AM19: 550 | AN19: =AL19*AM19 -> 2200
B20: 16 | C20: 34002 | E20: CHANDAN SAGAR | F20: NET RAM | G20: OBHS | J20: P | K20: P | L20: P | M20: P | AL20: =COUNTIF(G20:AK20,"P")+COUNTIF(G20:AK20,"PP")+COUNTIF(G20:AK20,"PP") -> 4 | AM20: 550 | AN20: =AL20*AM20 -> 2200
B21: 17 | C21: 34279 | E21: GURPREET SINGH | F21: AJIT SINGH | G21: OBHS | O21: P | P21: P | Q21: P | R21: P | AL21: =COUNTIF(G21:AK21,"P")+COUNTIF(G21:AK21,"PP")+COUNTIF(G21:AK21,"PP") -> 4 | AM21: 550 | AN21: =AL21*AM21 -> 2200
B22: 18 | C22: 34093 | D22: 143 | E22: DEVENDRA AGRWAL | F22: VIRENDRA AGRAWAL | G22: OBHS | T22: P | U22: P | V22: P | W22: P | AL22: =COUNTIF(G22:AK22,"P")+COUNTIF(G22:AK22,"PP")+COUNTIF(G22:AK22,"PP") -> 4 | AM22: 550 | AN22: =AL22*AM22 -> 2200
B23: 19 | C23: 33509 | E23: NEETA | F23: SUDESH KUMAR | G23: OBHS | AE23: P | AF23: P | AG23: P | AH23: P | AL23: =COUNTIF(G23:AK23,"P")+COUNTIF(G23:AK23,"PP")+COUNTIF(G23:AK23,"PP") -> 4 | AM23: 550 | AN23: =AL23*AM23 -> 2200
B24: 20 | C24: 33694 | E24: VICKY | F24: PAPPU | G24: OBHS | M24: P | N24: P | O24: P | P24: P | T24: P | U24: P | V24: P | W24: P | AL24: =COUNTIF(G24:AK24,"P")+COUNTIF(G24:AK24,"PP")+COUNTIF(G24:AK24,"PP") -> 8 | AM24: 550 | AN24: =AL24*AM24 -> 4400
B25: 21 | C25: 34184 | E25: RAHUL KUMAR | F25: DEEPAK KUMAR | G25: OBHS | V25: P | W25: P | X25: P | Y25: P | AL25: =COUNTIF(G25:AK25,"P")+COUNTIF(G25:AK25,"PP")+COUNTIF(G25:AK25,"PP") -> 4 | AM25: 550 | AN25: =AL25*AM25 -> 2200
B26: 22 | C26: 33682 | E26: GAGANDEEP SINGH | F26: MANMOHAN SINGH | G26: OBHS | H26: P | I26: P | Q26: P | R26: P | S26: P | T26: P | AL26: =COUNTIF(G26:AK26,"P")+COUNTIF(G26:AK26,"PP")+COUNTIF(G26:AK26,"PP") -> 6 | AM26: 550 | AN26: =AL26*AM26 -> 3300
B27: Total Per Day | H27: =COUNTIF(H5:H26,"P")+COUNTIF(H5:H26,"PP")+COUNTIF(H5:H26,"PP") -> 1 | I27: =COUNTIF(I5:I26,"P")+COUNTIF(I5:I26,"PP")+COUNTIF(I5:I26,"PP") -> 1 | J27: =COUNTIF(J5:J26,"P")+COUNTIF(J5:J26,"PP")+COUNTIF(J5:J26,"PP") -> 2 | K27: =COUNTIF(K5:K26,"P")+COUNTIF(K5:K26,"PP")+COUNTIF(K5:K26,"PP") -> 2 | L27: =COUNTIF(L5:L26,"P")+COUNTIF(L5:L26,"PP")+COUNTIF(L5:L26,"PP") -> 2 | M27: =COUNTIF(M5:M26,"P")+COUNTIF(M5:M26,"PP")+COUNTIF(M5:M26,"PP") -> 7 | N27: =COUNTIF(N5:N26,"P")+COUNTIF(N5:N26,"PP")+COUNTIF(N5:N26,"PP") -> 5 | O27: =COUNTIF(O5:O26,"P")+COUNTIF(O5:O26,"PP")+COUNTIF(O5:O26,"PP") -> 6 | ... AK27: =COUNTIF(AK5:AK26,"P")+COUNTIF(AK5:AK26,"PP")+COUNTIF(AK5:AK26,"PP") -> 3 | AL27: =SUM(AL5:AL26) -> 146 | AN27: =SUM(AN5:AN26) -> 81300
B30: Masure Project Pvt. Ltd. | AM30: Rate | AN30: Monthly Salary
B31: OBHS Attendance sheet of 14650/49 (Rake-02) Month:- Jun-2026 Site Name:- Amritsar OBHS (Attendance Day Per trip:- 04)
B32: S.N. | C32: EMP CODE | D32: TA ID No. | E32: EMP Name | F32: Father's Name | G32: Dig | H32: 1 | I32: 2 | J32: 3 | K32: 4 | L32: 5 | M32: 6 | N32: 7 | O32: 8 | P32: 9 | Q32: 10 | R32: 11 | S32: 12 | T32: 13 | U32: 14 | V32: 15 | W32: 16 | X32: 17 | Y32: 18 | Z32: 19 | AA32: 20 | AB32: 21 | AC32: 22 | AD32: 23 | AE32: 24 | AF32: 25 | AG32: 26 | AH32: 27 | AI32: 28 | AJ32: 29 | AK32: 30 | AL32: Total
B33: 1 | C33: 33505 | D33: 102 | E33: SANDEEP SINGH | F33: SUKHBIR SINGH | G33: EHK | T33: P | U33: P | V33: P | W33: P | AL33: =COUNTIF(G33:AK33,"P")+COUNTIF(G33:AK33,"PP")+COUNTIF(G33:AK33,"PP") -> 4 | AM33: 600 | AN33: =AM33*AL33 -> 2400
B34: 2 | C34: 33581 | E34: PAVAN KUMAR SINGH | F34: BUBHASH CHANDRA SINGH | G34: EHK | O34: P | P34: P | Q34: P | R34: P | W34: P | X34: P | Y34: P | Z34: P | AA34: P | AB34: P | AC34: P | AD34: P | AE34: P | AF34: P | AG34: P | AH34: P | AL34: =COUNTIF(G34:AK34,"P")+COUNTIF(G34:AK34,"PP")+COUNTIF(G34:AK34,"PP") -> 16 | AM34: 600 | AN34: =AM34*AL34 -> 9600
B35: 3 | C35: 33504 | E35: RAHUL KUMAR | F35: AJAY KUMAR | G35: OBHS | M35: P | N35: P | O35: P | P35: P | AL35: =COUNTIF(G35:AK35,"P")+COUNTIF(G35:AK35,"PP")+COUNTIF(G35:AK35,"PP") -> 4 | AM35: 550 | AN35: =AM35*AL35 -> 2200
B36: 4 | C36: 33658 | E36: ARMAN | F36: JAHIR SINGH | G36: OBHS | J36: P | K36: P | L36: P | M36: P | V36: P | W36: P | X36: P | Y36: P | AL36: =COUNTIF(G36:AK36,"P")+COUNTIF(G36:AK36,"PP")+COUNTIF(G36:AK36,"PP") -> 8 | AM36: 550 | AN36: =AM36*AL36 -> 4400
B37: 5 | C37: 33858 | E37: RAVINDER SINGH | F37: BALKAR SINGH | G37: OBHS | J37: P | K37: P | L37: P | M37: P | AC37: P | AD37: P | AE37: P | AF37: P | AL37: =COUNTIF(G37:AK37,"P")+COUNTIF(G37:AK37,"PP")+COUNTIF(G37:AK37,"PP") -> 8 | AM37: 550 | AN37: =AM37*AL37 -> 4400
B38: 6 | C38: 33583 | E38: AJAY SINGH | F38: NARVEER SINGH | G38: OBHS | W38: P | X38: P | Y38: P | Z38: P | AA38: P | AB38: P | AC38: P | AD38: P | AE38: P | AF38: P | AG38: P | AH38: P | AL38: =COUNTIF(G38:AK38,"P")+COUNTIF(G38:AK38,"PP")+COUNTIF(G38:AK38,"PP") -> 12 | AM38: 550 | AN38: =AM38*AL38 -> 6600
B39: 7 | C39: 33861 | E39: ANURAG SHARMA | F39: VINOD KUMAR SHARMA | G39: OBHS | W39: P | X39: P | Y39: P | Z39: P | AA39: P | AB39: P | AC39: P | AD39: P | AE39: P | AF39: P | AG39: P | AH39: P | AL39: =COUNTIF(G39:AK39,"P")+COUNTIF(G39:AK39,"PP")+COUNTIF(G39:AK39,"PP") -> 12 | AM39: 550 | AN39: =AM39*AL39 -> 6600
B40: 8 | C40: 34482 | E40: SARBJIT SINGH | F40: BHAG SINGH | G40: OBHS | W40: P | X40: P | Y40: P | Z40: P | AL40: =COUNTIF(G40:AK40,"P")+COUNTIF(G40:AK40,"PP")+COUNTIF(G40:AK40,"PP") -> 4 | AM40: 550 | AN40: =AM40*AL40 -> 2200
B41: 9 | C41: 33533 | E41: RAJBIR SINGH | F41: TASVIR SINGH | G41: OBHS | H41: P | I41: P | AL41: =COUNTIF(G41:AK41,"P")+COUNTIF(G41:AK41,"PP")+COUNTIF(G41:AK41,"PP") -> 2 | AM41: 550 | AN41: =AM41*AL41 -> 1100
B42: 10 | C42: 33567 | E42: NARENDER | F42: CHANDER BHAN | G42: OBHS | H42: P | I42: P | J42: P | K42: P | L42: P | M42: P | T42: P | U42: P | V42: P | W42: P | X42: P | Y42: P | Z42: P | AA42: P | AL42: =COUNTIF(G42:AK42,"P")+COUNTIF(G42:AK42,"PP")+COUNTIF(G42:AK42,"PP") -> 14 | AM42: 550 | AN42: =AM42*AL42 -> 7700
B43: 11 | C43: 34155 | E43: TARSEM MASIH | F43: AMRIK SINGH | G43: OBHS | H43: P | I43: P | AL43: =COUNTIF(G43:AK43,"P")+COUNTIF(G43:AK43,"PP")+COUNTIF(G43:AK43,"PP") -> 2 | AM43: 550 | AN43: =AM43*AL43 -> 1100
B44: 12 | C44: 34286 | E44: VIKAS | F44: FIRTU RAM | G44: OBHS | H44: P | I44: P | X44: P | Y44: P | Z44: P | AA44: P | AL44: =COUNTIF(G44:AK44,"P")+COUNTIF(G44:AK44,"PP")+COUNTIF(G44:AK44,"PP") -> 6 | AM44: 550 | AN44: =AM44*AL44 -> 3300
B45: 13 | C45: 34275 | E45: RASHPAL | F45: KASHMIR SINGH | G45: OBHS | H45: P | I45: P | AL45: =COUNTIF(G45:AK45,"P")+COUNTIF(G45:AK45,"PP")+COUNTIF(G45:AK45,"PP") -> 2 | AM45: 550 | AN45: =AM45*AL45 -> 1100
B46: 14 | C46: 33549 | E46: CHARANJIT SINGH | F46: GURMUKH SINGH | G46: OBHS | J46: P | K46: P | L46: P | M46: P | AL46: =COUNTIF(G46:AK46,"P")+COUNTIF(G46:AK46,"PP")+COUNTIF(G46:AK46,"PP") -> 4 | AM46: 550 | AN46: =AM46*AL46 -> 2200
B47: 15 | C47: 34343 | E47: MANI SINGH | F47: JASPAL SINGH | G47: OBHS | O47: P | P47: P | Q47: P | R47: P | AL47: =COUNTIF(G47:AK47,"P")+COUNTIF(G47:AK47,"PP")+COUNTIF(G47:AK47,"PP") -> 4 | AM47: 550 | AN47: =AM47*AL47 -> 2200
B48: 16 | C48: 33865 | E48: YOGESH KUMAR | F48: PRAM CHAND SINGH | G48: OBHS | Q48: P | R48: P | S48: P | T48: P | AL48: =COUNTIF(G48:AK48,"P")+COUNTIF(G48:AK48,"PP")+COUNTIF(G48:AK48,"PP") -> 4 | AM48: 550 | AN48: =AM48*AL48 -> 2200
B49: 17 | C49: 34487 | E49: RANBIR SINGH | F49: KULDEEP SINGH | G49: OBHS | Q49: P | R49: P | S49: P | T49: P | AL49: =COUNTIF(G49:AK49,"P")+COUNTIF(G49:AK49,"PP")+COUNTIF(G49:AK49,"PP") -> 4 | AM49: 550 | AN49: =AM49*AL49 -> 2200
B50: 18 | C50: 34308 | E50: ANURAG SINGH | F50: JAIPAL SINGH | G50: OBHS | O50: P | P50: P | Q50: P | R50: P | X50: P | Y50: P | Z50: P | AA50: P | AH50: P | AI50: P | AJ50: P | AK50: P | AL50: =COUNTIF(G50:AK50,"P")+COUNTIF(G50:AK50,"PP")+COUNTIF(G50:AK50,"PP") -> 12 | AM50: 550 | AN50: =AM50*AL50 -> 6600
B51: 19 | C51: 34690 | E51: SHARANJIT SINGH | F51: GURWINDER SINGH | G51: OBHS | O51: P | P51: P | Q51: P | R51: P | AL51: =COUNTIF(G51:AK51,"P")+COUNTIF(G51:AK51,"PP")+COUNTIF(G51:AK51,"PP") -> 4 | AM51: 550 | AN51: =AM51*AL51 -> 2200
B52: 20 | C52: 33568 | E52: SAHIL BAWA | F52: RAMAN KUMAR | G52: OBHS | Q52: P | R52: P | S52: P | T52: P | AL52: =COUNTIF(G52:AK52,"P")+COUNTIF(G52:AK52,"PP")+COUNTIF(G52:AK52,"PP") -> 4 | AM52: 550 | AN52: =AM52*AL52 -> 2200
B53: 21 | C53: 34280 | E53: AJAY SINGH | F53: DHEERA SINGH | G53: OBHS | O53: P | P53: P | Q53: P | R53: P | X53: P | Y53: P | Z53: P | AA53: P | AC53: P | AD53: P | AE53: P | AF53: P | AH53: P | AI53: P | AJ53: P | AK53: P | AL53: =COUNTIF(G53:AK53,"P")+COUNTIF(G53:AK53,"PP")+COUNTIF(G53:AK53,"PP") -> 16 | AM53: 550 | AN53: =AM53*AL53 -> 8800
B54: 22 | C54: 33586 | E54: SONU KASHYAP | F54: RAMDAS | G54: OBHS | V54: P | W54: P | X54: P | Y54: P | AH54: P | AI54: P | AJ54: P | AK54: P | AL54: =COUNTIF(G54:AK54,"P")+COUNTIF(G54:AK54,"PP")+COUNTIF(G54:AK54,"PP") -> 8 | AM54: 550 | AN54: =AM54*AL54 -> 4400
B55: Total Per Day | H55: =COUNTIF(H33:H54,"P")+COUNTIF(H33:H54,"PP")+COUNTIF(H33:H54,"PP") -> 5 | I55: =COUNTIF(I33:I54,"P")+COUNTIF(I33:I54,"PP")+COUNTIF(I33:I54,"PP") -> 5 | J55: =COUNTIF(J33:J54,"P")+COUNTIF(J33:J54,"PP")+COUNTIF(J33:J54,"PP") -> 4 | K55: =COUNTIF(K33:K54,"P")+COUNTIF(K33:K54,"PP")+COUNTIF(K33:K54,"PP") -> 4 | L55: =COUNTIF(L33:L54,"P")+COUNTIF(L33:L54,"PP")+COUNTIF(L33:L54,"PP") -> 4 | M55: =COUNTIF(M33:M54,"P")+COUNTIF(M33:M54,"PP")+COUNTIF(M33:M54,"PP") -> 5 | N55: =COUNTIF(N33:N54,"P")+COUNTIF(N33:N54,"PP")+COUNTIF(N33:N54,"PP") -> 1 | O55: =COUNTIF(O33:O54,"P")+COUNTIF(O33:O54,"PP")+COUNTIF(O33:O54,"PP") -> 6 | ... AK55: =COUNTIF(AK33:AK54,"P")+COUNTIF(AK33:AK54,"PP")+COUNTIF(AK33:AK54,"PP") -> 3 | AL55: =SUM(AL33:AL54) -> 154 | AN55: =SUM(AN33:AN54) -> 85700
B57: Total Salary of 2 Rake | AN57: =AN27+AN55 -> 167000

Sheet 14674-73
B2: Masure Project Pvt. Ltd. | AM2: Rate/Day | AN2: Monthly Salary
B3: OBHS Attendance sheet of 14674/73 (Rake-01) Month:- Jun-2026 Site Name:- Amritsar OBHS (Attendance Day Per trip:- 04)
B4: S No. | C4: EMP CODE | D4: TA ID No. | E4: EMP Name | F4: Father's Name | G4: Dig | H4: 1 | I4: 2 | J4: 3 | K4: 4 | L4: 5 | M4: 6 | N4: 7 | O4: 8 | P4: 9 | Q4: 10 | R4: 11 | S4: 12 | T4: 13 | U4: 14 | V4: 15 | W4: 16 | X4: 17 | Y4: 18 | Z4: 19 | AA4: 20 | AB4: 21 | AC4: 22 | AD4: 23 | AE4: 24 | AF4: 25 | AG4: 26 | AH4: 27 | AI4: 28 | AJ4: 29 | AK4: 30 | AL4: Total
B5: 1 | C5: 33982 | E5: SHIVA | F5: VIJENDRA SINGH | G5: EHK | H5: P | I5: P | J5: P | K5: P | L5: P | M5: P | N5: P | O5: P | P5: P | Q5: P | R5: P | S5: P | AB5: P | AC5: P | AD5: P | AE5: P | AL5: =COUNTIF(G5:AK5,"P")+COUNTIF(G5:AK5,"PP")+COUNTIF(G5:AK5,"PP") -> 16 | AM5: 600 | AN5: =AL5*AM5 -> 9600
B6: 2 | C6: 33547 | E6: SUKHWINDER SINGH | F6: PAL SINGH | G6: EHK | H6: P | I6: P | J6: P | K6: P | L6: P | AD6: P | AE6: P | AF6: P | AG6: P | AL6: =COUNTIF(G6:AK6,"P")+COUNTIF(G6:AK6,"PP")+COUNTIF(G6:AK6,"PP") -> 9 | AM6: 600 | AN6: =AL6*AM6 -> 5400
B7: 3 | C7: 34154 | E7: SUKHPREET SINGH | F7: CHARANJIT SINGH | G7: OBHS | I7: P | J7: P | K7: P | L7: P | AK7: P | AL7: =COUNTIF(G7:AK7,"P")+COUNTIF(G7:AK7,"PP")+COUNTIF(G7:AK7,"PP") -> 5 | AM7: 550 | AN7: =AL7*AM7 -> 2750
B8: 4 | C8: 33849 | E8: AJAY KUMAR | F8: RAM VILAS | G8: OBHS | AG8: P | AH8: P | AI8: P | AJ8: P | AK8: P | AL8: =COUNTIF(G8:AK8,"P")+COUNTIF(G8:AK8,"PP")+COUNTIF(G8:AK8,"PP") -> 5 | AM8: 550 | AN8: =AL8*AM8 -> 2750
B9: 5 | C9: 33515 | E9: GURMAIL SINGH | F9: HARJINDER SINGH | G9: OBHS | H9: P | I9: P | J9: P | K9: P | L9: P | M9: P | N9: P | O9: P | P9: P | Q9: P | R9: P | S9: P | AB9: P | AC9: P | AD9: P | AE9: P | AF9: P | AG9: P | AH9: P | AI9: P | AJ9: P | AK9: P | AL9: =COUNTIF(G9:AK9,"P")+COUNTIF(G9:AK9,"PP")+COUNTIF(G9:AK9,"PP") -> 22 | AM9: 550 | AN9: =AL9*AM9 -> 12100
B10: 6 | C10: 34093 | E10: DEVENDRA AGRWAL | F10: VIRENDRA AGRAWAL | G10: OBHS | H10: P | I10: P | J10: P | K10: P | L10: P | M10: P | N10: P | O10: P | P10: P | Q10: P | R10: P | S10: P | AB10: P | AC10: P | AD10: P | AE10: P | AL10: =COUNTIF(G10:AK10,"P")+COUNTIF(G10:AK10,"PP")+COUNTIF(G10:AK10,"PP") -> 16 | AM10: 550 | AN10: =AL10*AM10 -> 8800
B11: 7 | C11: 33714 | E11: FARMAN | F11: RASSHAN KHAN | G11: OBHS | H11: P | I11: P | J11: P | K11: P | L11: P | M11: P | N11: P | O11: P | AL11: =COUNTIF(G11:AK11,"P")+COUNTIF(G11:AK11,"PP")+COUNTIF(G11:AK11,"PP") -> 8 | AM11: 550 | AN11: =AL11*AM11 -> 4400
B12: 8 | C12: 33718 | E12: ABHISHEK KUMAR | F12: HARIBABU | G12: OBHS | H12: P | I12: P | J12: P | K12: P | AL12: =COUNTIF(G12:AK12,"P")+COUNTIF(G12:AK12,"PP")+COUNTIF(G12:AK12,"PP") -> 4 | AM12: 550 | AN12: =AL12*AM12 -> 2200
B13: 9 | C13: 33712 | E13: MOHAMMAD AMAN | F13: IKLAKH AHAMAD | G13: OBHS | L13: P | M13: P | N13: P | O13: P | AL13: =COUNTIF(G13:AK13,"P")+COUNTIF(G13:AK13,"PP")+COUNTIF(G13:AK13,"PP") -> 4 | AM13: 550 | AN13: =AL13*AM13 -> 2200
B14: 10 | C14: 33637 | E14: ARJUN | F14: PURAN | G14: OBHS | H14: P | N14: P | O14: P | P14: P | Q14: P | R14: P | S14: P | T14: P | U14: P | Z14: P | AA14: P | AB14: P | AC14: P | AD14: P | AE14: P | AF14: P | AG14: P | AL14: =COUNTIF(G14:AK14,"P")+COUNTIF(G14:AK14,"PP")+COUNTIF(G14:AK14,"PP") -> 17 | AM14: 550 | AN14: =AL14*AM14 -> 9350
B15: 11 | C15: 34184 | E15: RAHUL KUMAR | F15: DEEPAK KUMAR | G15: OBHS | H15: P | I15: P | J15: P | K15: P | L15: P | N15: P | O15: P | P15: P | Q15: P | R15: P | S15: P | T15: P | U15: P | Z15: P | AA15: P | AB15: P | AC15: P | AD15: P | AE15: P | AF15: P | AG15: P | AL15: =COUNTIF(G15:AK15,"P")+COUNTIF(G15:AK15,"PP")+COUNTIF(G15:AK15,"PP") -> 21 | AM15: 550 | AN15: =AL15*AM15 -> 11550
B16: 12 | C16: 33883 | E16: LOVEPREET SINGH | F16: GULJAR SINGH | G16: OBHS | H16: P | AL16: =COUNTIF(G16:AK16,"P")+COUNTIF(G16:AK16,"PP")+COUNTIF(G16:AK16,"PP") -> 1 | AM16: 550 | AN16: =AL16*AM16 -> 550
B17: 13 | C17: 33581 | E17: PAVAN KUMAR SINGH | F17: BUBHASH CHANDRA | G17: EHK | H17: P | I17: P | J17: P | K17: P | L17: P | M17: P | N17: P | S17: P | T17: P | U17: P | V17: P | AI17: P | AJ17: P | AK17: P | AL17: =COUNTIF(G17:AK17,"P")+COUNTIF(G17:AK17,"PP")+COUNTIF(G17:AK17,"PP") -> 14 | AM17: 600 | AN17: =AL17*AM17 -> 8400
B18: 14 | C18: 34343 | E18: MANI SINGH | F18: JASPAL SINGH | G18: OBHS | H18: P | I18: P | J18: P | AL18: =COUNTIF(G18:AK18,"P")+COUNTIF(G18:AK18,"PP")+COUNTIF(G18:AK18,"PP") -> 3 | AM18: 550 | AN18: =AL18*AM18 -> 1650
B19: 15 | C19: 33585 | E19: ARSHDEEP SINGH | F19: CHARANJEET SINGH | G19: OBHS | AJ19: P | AK19: P | AL19: =COUNTIF(G19:AK19,"P")+COUNTIF(G19:AK19,"PP")+COUNTIF(G19:AK19,"PP") -> 2 | AM19: 550 | AN19: =AL19*AM19 -> 1100
B20: 16 | C20: 34280 | E20: AJAY SINGH | F20: DHEERA SINGH | G20: OBHS | K20: P | L20: P | M20: P | N20: P | S20: P | T20: P | U20: P | V20: P | AL20: =COUNTIF(G20:AK20,"P")+COUNTIF(G20:AK20,"PP")+COUNTIF(G20:AK20,"PP") -> 8 | AM20: 550 | AN20: =AL20*AM20 -> 4400
B21: 17 | C21: 34308 | E21: ANURAG SINGH | F21: JAIPAL SINGH | G21: OBHS | K21: P | L21: P | M21: P | N21: P | S21: P | T21: P | U21: P | V21: P | AL21: =COUNTIF(G21:AK21,"P")+COUNTIF(G21:AK21,"PP")+COUNTIF(G21:AK21,"PP") -> 8 | AM21: 550 | AN21: =AL21*AM21 -> 4400
B22: 18 | C22: 33752 | E22: GURPREET SINGH | F22: BEANT SINGH | G22: OBHS | P22: P | Q22: P | R22: P | S22: P | AL22: =COUNTIF(G22:AK22,"P")+COUNTIF(G22:AK22,"PP")+COUNTIF(G22:AK22,"PP") -> 4 | AM22: 550 | AN22: =AL22*AM22 -> 2200
B23: 19 | C23: 33509 | E23: NEETA | F23: SUDESH KUMAR | G23: OBHS | S23: P | T23: P | U23: P | V23: P | AL23: =COUNTIF(G23:AK23,"P")+COUNTIF(G23:AK23,"PP")+COUNTIF(G23:AK23,"PP") -> 4 | AM23: 550 | AN23: =AL23*AM23 -> 2200
B24: 20 | C24: 33517 | E24: SUKHWINDER SINGH | F24: JASWANT SINGH | G24: OBHS | U24: P | V24: P | W24: P | X24: P | Z24: P | AA24: P | AB24: P | AC24: P | AD24: P | AE24: P | AF24: P | AG24: P | AL24: =COUNTIF(G24:AK24,"P")+COUNTIF(G24:AK24,"PP")+COUNTIF(G24:AK24,"PP") -> 12 | AM24: 550 | AN24: =AL24*AM24 -> 6600
B25: 21 | C25: 33567 | E25: NARENDER | F25: CHANDER BHAN | G25: OBHS | N25: P | O25: P | P25: P | Q25: P | AF25: P | AG25: P | AH25: P | AI25: P | AJ25: P | AK25: P | AL25: =COUNTIF(G25:AK25,"P")+COUNTIF(G25:AK25,"PP")+COUNTIF(G25:AK25,"PP") -> 10 | AM25: 550 | AN25: =AL25*AM25 -> 5500
B26: 22 | C26: 33583 | E26: AJAY SINGH | F26: NARVEER SINGH | G26: OBHS | AI26: P | AJ26: P | AK26: P | AL26: =COUNTIF(G26:AK26,"P")+COUNTIF(G26:AK26,"PP")+COUNTIF(G26:AK26,"PP") -> 3 | AM26: 550 | AN26: =AL26*AM26 -> 1650
B27: 23 | C27: 33794 | E27: VISHAL SINGH | F27: RAKESH SINGH | G27: OBHS | AI27: P | AJ27: P | AK27: P | AL27: =COUNTIF(G27:AK27,"P")+COUNTIF(G27:AK27,"PP")+COUNTIF(G27:AK27,"PP") -> 3 | AM27: 550 | AN27: =AL27*AM27 -> 1650
B28: 24 | C28: 34048 | E28: SOURABH SEHGAL | F28: DES RAJ SEHGAL | G28: OBHS | AJ28: P | AK28: P | AL28: =COUNTIF(G28:AK28,"P")+COUNTIF(G28:AK28,"PP")+COUNTIF(G28:AK28,"PP") -> 2 | AM28: 550 | AN28: =AL28*AM28 -> 1100
B29: 25 | C29: 34002 | E29: CHANDAN SAGAR | F29: NET RAM | G29: OBHS | AK29: P | AL29: =COUNTIF(G29:AK29,"P")+COUNTIF(G29:AK29,"PP")+COUNTIF(G29:AK29,"PP") -> 1 | AM29: 550 | AN29: =AL29*AM29 -> 550
B30: 26 | C30: 34166 | E30: SIKANDER | F30: KALA RAM | G30: OBHS | AK30: P | AL30: =COUNTIF(G30:AK30,"P")+COUNTIF(G30:AK30,"PP")+COUNTIF(G30:AK30,"PP") -> 1 | AM30: 550 | AN30: =AL30*AM30 -> 550
B31: 27 | C31: 33711 | E31: SURAJ | F31: RANBIR SINGH | G31: OBHS | H31: P | I31: P | J31: P | AL31: =COUNTIF(G31:AK31,"P")+COUNTIF(G31:AK31,"PP")+COUNTIF(G31:AK31,"PP") -> 3 | AM31: 550 | AN31: =AL31*AM31 -> 1650
B32: Total Per Day | H32: =COUNTIF(H5:H31,"P")+COUNTIF(H5:H31,"PP")+COUNTIF(H5:H31,"PP") -> 12 | I32: =COUNTIF(I5:I31,"P")+COUNTIF(I5:I31,"PP")+COUNTIF(I5:I31,"PP") -> 11 | J32: =COUNTIF(J5:J31,"P")+COUNTIF(J5:J31,"PP")+COUNTIF(J5:J31,"PP") -> 11 | K32: =COUNTIF(K5:K31,"P")+COUNTIF(K5:K31,"PP")+COUNTIF(K5:K31,"PP") -> 11 | L32: =COUNTIF(L5:L31,"P")+COUNTIF(L5:L31,"PP")+COUNTIF(L5:L31,"PP") -> 11 | M32: =COUNTIF(M5:M31,"P")+COUNTIF(M5:M31,"PP")+COUNTIF(M5:M31,"PP") -> 8 | N32: =COUNTIF(N5:N31,"P")+COUNTIF(N5:N31,"PP")+COUNTIF(N5:N31,"PP") -> 11 | O32: =COUNTIF(O5:O31,"P")+COUNTIF(O5:O31,"PP")+COUNTIF(O5:O31,"PP") -> 8 | ... AK32: =COUNTIF(AK5:AK31,"P")+COUNTIF(AK5:AK31,"PP")+COUNTIF(AK5:AK31,"PP") -> 11 | AL32: =SUM(AL5:AL31) -> 206 | AN32: =SUM(AN5:AN31) -> 115250
B35: Masure Project Pvt. Ltd. | AM35: Rate/Day | AN35: Monthly Salary
B36: OBHS Attendance sheet of 14674-73 (Rake-02) Month:- Jun-2026 Site Name:- Amritsar OBHS (Attendance Day Per trip:- 04)
B37: S.N. | C37: EMP CODE | D37: TA ID No. | E37: EMP Name | F37: Father's Name | G37: Dig | H37: 1 | I37: 2 | J37: 3 | K37: 4 | L37: 5 | M37: 6 | N37: 7 | O37: 8 | P37: 9 | Q37: 10 | R37: 11 | S37: 12 | T37: 13 | U37: 14 | V37: 15 | W37: 16 | X37: 17 | Y37: 18 | Z37: 19 | AA37: 20 | AB37: 21 | AC37: 22 | AD37: 23 | AE37: 24 | AF37: 25 | AG37: 26 | AH37: 27 | AI37: 28 | AJ37: 29 | AK37: 30 | AL37: Total
B38: 1 | C38: 33505 | E38: SANDEEP SINGH | F38: SUKHBIR SINGH | G38: EHK | AJ38: P | AK38: P | AL38: =COUNTIF(G38:AK38,"P")+COUNTIF(G38:AK38,"PP")+COUNTIF(G38:AK38,"PP") -> 2 | AM38: 600 | AN38: =AL38*AM38 -> 1200
B39: 2 | C39: 33792 | D39: 86 | E39: ANOOP KUMAR | F39: KISHAN CHAND | G39: EHK | H39: P | I39: P | J39: P | K39: P | N39: P | O39: P | P39: P | Q39: P | AG39: P | AH39: P | AI39: P | AJ39: P | AK39: P | AL39: =COUNTIF(G39:AK39,"P")+COUNTIF(G39:AK39,"PP")+COUNTIF(G39:AK39,"PP") -> 13 | AM39: 600 | AN39: =AL39*AM39 -> 7800
B40: 3 | C40: 33682 | D40: 36 | E40: GAGANDEEP SINGH | F40: MANMOHAN SINGH | G40: OBHS | U40: P | V40: P | W40: P | X40: P | Y40: P | Z40: P | AA40: P | AB40: P | AG40: P | AH40: P | AI40: P | AJ40: P | AL40: =COUNTIF(G40:AK40,"P")+COUNTIF(G40:AK40,"PP")+COUNTIF(G40:AK40,"PP") -> 12 | AM40: 550 | AN40: =AL40*AM40 -> 6600
B41: 4 | C41: 34155 | E41: TARSEM MASIH | F41: AMRIK SINGH | G41: OBHS | K41: P | L41: P | M41: P | N41: P | P41: P | Q41: P | R41: P | S41: P | AL41: =COUNTIF(G41:AK41,"P")+COUNTIF(G41:AK41,"PP")+COUNTIF(G41:AK41,"PP") -> 8 | AM41: 550 | AN41: =AL41*AM41 -> 4400
B42: 5 | C42: 33533 | E42: RAJBIR SINGH | F42: TASVIR SINGH | G42: OBHS | U42: P | V42: P | W42: P | X42: P | Y42: P | Z42: P | AA42: P | AB42: P | AL42: =COUNTIF(G42:AK42,"P")+COUNTIF(G42:AK42,"PP")+COUNTIF(G42:AK42,"PP") -> 8 | AM42: 550 | AN42: =AL42*AM42 -> 4400
B43: 6 | C43: 33504 | E43: RAHUL KUMAR | F43: AJAY KUMAR | G43: OBHS | H43: P | AL43: =COUNTIF(G43:AK43,"P")+COUNTIF(G43:AK43,"PP")+COUNTIF(G43:AK43,"PP") -> 1 | AM43: 550 | AN43: =AL43*AM43 -> 550
B44: 7 | C44: 33694 | D44: 136 | E44: VICKY | F44: PAPPU | G44: OBHS | H44: P | I44: P | J44: P | K44: P | L44: P | AL44: =COUNTIF(G44:AK44,"P")+COUNTIF(G44:AK44,"PP")+COUNTIF(G44:AK44,"PP") -> 5 | AM44: 550 | AN44: =AL44*AM44 -> 2750
B45: 8 | C45: 34340 | E45: SANJU SINGH | F45: BALKAR SINGH | G45: OBHS | K45: P | L45: P | M45: P | N45: P | AL45: =COUNTIF(G45:AK45,"P")+COUNTIF(G45:AK45,"PP")+COUNTIF(G45:AK45,"PP") -> 4 | AM45: 550 | AN45: =AL45*AM45 -> 2200
B46: 9 | C46: 33857 | E46: DAVINDER SINGH | F46: RAM SINGH | G46: OBHS | L46: P | M46: P | N46: P | O46: P | P46: P | Q46: P | R46: P | S46: P | AB46: P | AC46: P | AD46: P | AE46: P | AF46: P | AG46: P | AH46: P | AI46: P | AJ46: P | AK46: P | AL46: =COUNTIF(G46:AK46,"P")+COUNTIF(G46:AK46,"PP")+COUNTIF(G46:AK46,"PP") -> 18 | AM46: 550 | AN46: =AL46*AM46 -> 9900
B47: 10 | C47: 34469 | E47: AJAY SHARMA | F47: ASHWANI SHARMA | G47: OBHS | S47: P | T47: P | U47: P | V47: P | AI47: P | AJ47: P | AK47: P | AL47: =COUNTIF(G47:AK47,"P")+COUNTIF(G47:AK47,"PP")+COUNTIF(G47:AK47,"PP") -> 7 | AM47: 550 | AN47: =AL47*AM47 -> 3850
B48: 11 | C48: 34275 | E48: RASHPAL SINGH | F48: KASHMEER SINGH | G48: OBHS | U48: P | V48: P | W48: P | X48: P | Y48: P | Z48: P | AA48: P | AB48: P | AL48: =COUNTIF(G48:AK48,"P")+COUNTIF(G48:AK48,"PP")+COUNTIF(G48:AK48,"PP") -> 8 | AM48: 550 | AN48: =AL48*AM48 -> 4400
B49: 12 | C49: 34286 | E49: VIKAS | F49: FIRTU RAM | G49: OBHS | AF49: P | AG49: P | AH49: P | AI49: P | AL49: =COUNTIF(G49:AK49,"P")+COUNTIF(G49:AK49,"PP")+COUNTIF(G49:AK49,"PP") -> 4 | AM49: 550 | AN49: =AL49*AM49 -> 2200
B50: 13 | C50: 34689 | E50: JOBANJEET SINGH | F50: DILBAGH SINGH | G50: OBHS | AF50: P | AG50: P | AH50: P | AI50: P | AL50: =COUNTIF(G50:AK50,"P")+COUNTIF(G50:AK50,"PP")+COUNTIF(G50:AK50,"PP") -> 4 | AM50: 550 | AN50: =AL50*AM50 -> 2200
B51: 14 | C51: 34583 | E51: RAKESH YADAV | F51: DEVI PARSHAD YADAV | G51: OBHS | AG51: P | AH51: P | AI51: P | AJ51: P | AK51: P | AL51: =COUNTIF(G51:AK51,"P")+COUNTIF(G51:AK51,"PP")+COUNTIF(G51:AK51,"PP") -> 5 | AM51: 550 | AN51: =AL51*AM51 -> 2750
B52: 15 | C52: 33861 | E52: ANURAG SHARMA | F52: VINOD KUMAR SHARMA | G52: OBHS | S52: P | T52: P | U52: P | V52: P | AI52: P | AJ52: P | AK52: P | AL52: =COUNTIF(G52:AK52,"P")+COUNTIF(G52:AK52,"PP")+COUNTIF(G52:AK52,"PP") -> 7 | AM52: 550 | AN52: =AL52*AM52 -> 3850
B53: 16 | C53: 34273 | E53: SHUBHAM | F53: RAJESH | G53: OBHS | U53: P | V53: P | W53: P | X53: P | Y53: P | Z53: P | AA53: P | AB53: P | AG53: P | AH53: P | AI53: P | AJ53: P | AL53: =COUNTIF(G53:AK53,"P")+COUNTIF(G53:AK53,"PP")+COUNTIF(G53:AK53,"PP") -> 12 | AM53: 550 | AN53: =AL53*AM53 -> 6600
B54: 17 | C54: 34487 | E54: RANBIR SINGH | F54: KULDEEP SINGH | G54: OBHS | Y54: P | Z54: P | AA54: P | AB54: P | AG54: P | AH54: P | AI54: P | AJ54: P | AL54: =COUNTIF(G54:AK54,"P")+COUNTIF(G54:AK54,"PP")+COUNTIF(G54:AK54,"PP") -> 8 | AM54: 550 | AN54: =AL54*AM54 -> 4400
B55: 18 | C55: 33662 | E55: MAHINDER KUMAR | F55: MUNI LAL | G55: OBHS | Y55: P | Z55: P | AA55: P | AB55: P | AL55: =COUNTIF(G55:AK55,"P")+COUNTIF(G55:AK55,"PP")+COUNTIF(G55:AK55,"PP") -> 4 | AM55: 550 | AN55: =AL55*AM55 -> 2200
B56: 19 | C56: 33865 | E56: YOGESH KUMAR | F56: PRAM CHAND SINGH | G56: OBHS | AB56: P | AC56: P | AD56: P | AE56: P | AL56: =COUNTIF(G56:AK56,"P")+COUNTIF(G56:AK56,"PP")+COUNTIF(G56:AK56,"PP") -> 4 | AM56: 550 | AN56: =AL56*AM56 -> 2200
B57: 20 | C57: 33987 | E57: ARUN | F57: SURESH | G57: OBHS | AB57: P | AC57: P | AD57: P | AE57: P | AL57: =COUNTIF(G57:AK57,"P")+COUNTIF(G57:AK57,"PP")+COUNTIF(G57:AK57,"PP") -> 4 | AM57: 550 | AN57: =AL57*AM57 -> 2200
B58: 21 | C58: 34482 | E58: SARBJIT SINGH | F58: BAGH SINGH | G58: OBHS | AF58: P | AG58: P | AH58: P | AI58: P | AL58: =COUNTIF(G58:AK58,"P")+COUNTIF(G58:AK58,"PP")+COUNTIF(G58:AK58,"PP") -> 4 | AM58: 550 | AN58: =AL58*AM58 -> 2200
B59: 22 | C59: 33658 | D59: 103 | E59: ARMAN | F59: JAHIR AHMAD | G59: OBHS | N59: P | O59: P | P59: P | Q59: P | Z59: P | AA59: P | AB59: P | AC59: P | AD59: P | AE59: P | AF59: P | AG59: P | AL59: =COUNTIF(G59:AK59,"P")+COUNTIF(G59:AK59,"PP")+COUNTIF(G59:AK59,"PP") -> 12 | AM59: 550 | AN59: =AL59*AM59 -> 6600
B60: 23 | C60: 33858 | D60: 52 | E60: RAVINDER SINGH | F60: BALKAR SINGH | G60: OBHS | N60: P | O60: P | P60: P | Q60: P | R60: P | S60: P | T60: P | U60: P | AL60: =COUNTIF(G60:AK60,"P")+COUNTIF(G60:AK60,"PP")+COUNTIF(G60:AK60,"PP") -> 8 | AM60: 550 | AN60: =AL60*AM60 -> 4400
B61: 24 | C61: 33654 | E61: AKASHDEEP SINGH | F61: SATNAM SINGH | G61: OBHS | I61: P | J61: P | K61: P | L61: P | R61: P | S61: P | T61: P | U61: P | AL61: =COUNTIF(G61:AK61,"P")+COUNTIF(G61:AK61,"PP")+COUNTIF(G61:AK61,"PP") -> 8 | AM61: 550 | AN61: =AL61*AM61 -> 4400
B62: 25 | C62: 33783 | E62: VISHAL | F62: SATNAM SINGH | G62: OBHS | I62: P | J62: P | K62: P | L62: P | R62: P | S62: P | T62: P | U62: P | AL62: =COUNTIF(G62:AK62,"P")+COUNTIF(G62:AK62,"PP")+COUNTIF(G62:AK62,"PP") -> 8 | AM62: 550 | AN62: =AL62*AM62 -> 4400
B63: 26 | C63: 33568 | E63: SAHIL BAWA | F63: RAMAN KUMAR | G63: OBHS | AI63: P | AJ63: P | AK63: P | AL63: =COUNTIF(G63:AK63,"P")+COUNTIF(G63:AK63,"PP")+COUNTIF(G63:AK63,"PP") -> 3 | AM63: 550 | AN63: =AL63*AM63 -> 1650
B64: 27 | C64: 33586 | E64: SONU KASHYAP | F64: RAMDAS | G64: OBHS | K64: P | L64: P | M64: P | N64: P | Z64: P | AA64: P | AB64: P | AC64: P | AD64: P | AE64: P | AF64: P | AG64: P | AL64: =COUNTIF(G64:AK64,"P")+COUNTIF(G64:AK64,"PP")+COUNTIF(G64:AK64,"PP") -> 12 | AM64: 550 | AN64: =AL64*AM64 -> 6600
B65: Total Per Day | H65: =COUNTIF(H38:H64,"P")+COUNTIF(H38:H64,"PP")+COUNTIF(H38:H64,"PP") -> 3 | I65: =COUNTIF(I38:I64,"P")+COUNTIF(I38:I64,"PP")+COUNTIF(I38:I64,"PP") -> 4 | J65: =COUNTIF(J38:J64,"P")+COUNTIF(J38:J64,"PP")+COUNTIF(J38:J64,"PP") -> 4 | K65: =COUNTIF(K38:K64,"P")+COUNTIF(K38:K64,"PP")+COUNTIF(K38:K64,"PP") -> 7 | L65: =COUNTIF(L38:L64,"P")+COUNTIF(L38:L64,"PP")+COUNTIF(L38:L64,"PP") -> 7 | M65: =COUNTIF(M38:M64,"P")+COUNTIF(M38:M64,"PP")+COUNTIF(M38:M64,"PP") -> 4 | N65: =COUNTIF(N38:N64,"P")+COUNTIF(N38:N64,"PP")+COUNTIF(N38:N64,"PP") -> 7 | O65: =COUNTIF(O38:O64,"P")+COUNTIF(O38:O64,"PP")+COUNTIF(O38:O64,"PP") -> 4 | ... AK65: =COUNTIF(AK38:AK64,"P")+COUNTIF(AK38:AK64,"PP")+COUNTIF(AK38:AK64,"PP") -> 7 | AL65: =SUM(AL38:AL64) -> 193 | AN65: =SUM(AN38:AN64) -> 106900
B67: Total Salary of 2 Rake | AN67: =AN32+AN65 -> 222150

Sheet 12204-03
B2: Masure Project Pvt. Ltd. | AM2: Rate/Day | AN2: Total Salary
B3: OBHS Attendance sheet of 12204/03 (Rake-01) Month:- Jun-2026 Site Name:- Amritsar OBHS (Attendance Day Per trip:- 03)
B4: S No. | C4: EMP CODE | D4: TA ID No. | E4: EMP Name | F4: Father's Name | G4: Dig | H4: 1 | I4: 2 | J4: 3 | K4: 4 | L4: 5 | M4: 6 | N4: 7 | O4: 8 | P4: 9 | Q4: 10 | R4: 11 | S4: 12 | T4: 13 | U4: 14 | V4: 15 | W4: 16 | X4: 17 | Y4: 18 | Z4: 19 | AA4: 20 | AB4: 21 | AC4: 22 | AD4: 23 | AE4: 24 | AF4: 25 | AG4: 26 | AH4: 27 | AI4: 28 | AJ4: 29 | AK4: 30 | AL4: Total
B5: 1 | C5: 33532 | E5: SURINDER KUMAR | F5: KARAM CHAND | G5: EHK | J5: P | K5: P | L5: P | AL5: =COUNTIF(H5:AK5,"p")+COUNTIF(H5:AK5,"pp")+COUNTIF(H5:AK5,"pp") -> 3 | AM5: 750 | AN5: =AL5*AM5 -> 2250
B6: 2 | C6: 34559 | E6: SHAHRUKH KHAN | F6: KALU KHAN TELI | G6: OBHS | AH6: P | AI6: P | AJ6: P | AL6: =COUNTIF(H6:AK6,"p")+COUNTIF(H6:AK6,"pp")+COUNTIF(H6:AK6,"pp") -> 3 | AM6: 700 | AN6: =AL6*AM6 -> 2100
B7: 3 | C7: KYC | E7: SADIR | F7: AMIN KHAN | G7: OBHS | AH7: P | AI7: P | AJ7: P | AL7: =COUNTIF(H7:AK7,"p")+COUNTIF(H7:AK7,"pp")+COUNTIF(H7:AK7,"pp") -> 3 | AM7: 700 | AN7: =AL7*AM7 -> 2100
B8: 4 | C8: 34640 | E8: ARMAN | F8: SABBIR | G8: OBHS | AH8: P | AI8: P | AJ8: P | AL8: =COUNTIF(H8:AK8,"p")+COUNTIF(H8:AK8,"pp")+COUNTIF(H8:AK8,"pp") -> 3 | AM8: 700 | AN8: =AL8*AM8 -> 2100
B9: 5 | C9: 33920 | E9: MANINDER SINGH | F9: CAPTAIN SINGH | G9: OBHS | AE9: P | AF9: P | AG9: P | AL9: =COUNTIF(H9:AK9,"p")+COUNTIF(H9:AK9,"pp")+COUNTIF(H9:AK9,"pp") -> 3 | AM9: 700 | AN9: =AL9*AM9 -> 2100
B10: 6 | C10: 34187 | E10: LASHMAN SINGH | F10: GURBIR SINGH | G10: OBHS | H10: P | I10: P | AE10: P | AF10: P | AG10: P | AL10: =COUNTIF(H10:AK10,"p")+COUNTIF(H10:AK10,"pp")+COUNTIF(H10:AK10,"pp") -> 5 | AM10: 700 | AN10: =AL10*AM10 -> 3500
B11: 7 | C11: 34282 | E11: ANGREJ | F11: BUTTA SINGH | G11: OBHS | H11: P | I11: P | AE11: P | AF11: P | AG11: P | AL11: =COUNTIF(H11:AK11,"p")+COUNTIF(H11:AK11,"pp")+COUNTIF(H11:AK11,"pp") -> 5 | AM11: 700 | AN11: =AL11*AM11 -> 3500
B12: 8 | C12: 33697 | E12: VISHAL SINGH | F12: RAVI SINGH | G12: OBHS | AB12: P | AC12: P | AD12: P | AL12: =COUNTIF(H12:AK12,"p")+COUNTIF(H12:AK12,"pp")+COUNTIF(H12:AK12,"pp") -> 3 | AM12: 700 | AN12: =AL12*AM12 -> 2100
B13: 9 | C13: 33994 | E13: GORI SHANKAR | F13: MAZI THAKUR | G13: OBHS | N13: P | O13: P | P13: P | AL13: =COUNTIF(H13:AK13,"p")+COUNTIF(H13:AK13,"pp")+COUNTIF(H13:AK13,"pp") -> 3 | AM13: 1000 | AN13: =AL13*AM13 -> 3000 | AO13: Staff Board from Delhi salary Paid to Cash
B14: 10 | C14: 33604 | E14: DAVINDER KUMAR | F14: HARESH PURI | G14: OBHS | H14: P | I14: P | Q14: P | R14: P | S14: P | X14: P | Y14: P | Z14: P | AB14: P | AC14: P | AD14: P | AL14: =COUNTIF(H14:AK14,"p")+COUNTIF(H14:AK14,"pp")+COUNTIF(H14:AK14,"pp") -> 11 | AM14: 700 | AN14: =AL14*AM14 -> 7700
B15: 11 | C15: 33894 | E15: PANKAJ KUMAR | F15: PAWAN KUMAR | G15: OBHS | X15: P | Y15: P | Z15: P | AH15: P | AI15: P | AJ15: P | AL15: =COUNTIF(H15:AK15,"p")+COUNTIF(H15:AK15,"pp")+COUNTIF(H15:AK15,"pp") -> 6 | AM15: 700 | AN15: =AL15*AM15 -> 4200
B16: 12 | C16: 33528 | E16: KARAN | F16: RAJINDER KUMAR | G16: OBHS | H16: P | AL16: =COUNTIF(H16:AK16,"p")+COUNTIF(H16:AK16,"pp")+COUNTIF(H16:AK16,"pp") -> 1 | AM16: 700 | AN16: =AL16*AM16 -> 700
B17: 13 | C17: 34274 | E17: BHUPINDER | F17: SARDOOL SINGH | G17: OBHS | H17: P | AL17: =COUNTIF(H17:AK17,"p")+COUNTIF(H17:AK17,"pp")+COUNTIF(H17:AK17,"pp") -> 1 | AM17: 700 | AN17: =AL17*AM17 -> 700
B18: 14 | C18: 34279 | E18: GURPREET | F18: AJIT SINGH | G18: OBHS | H18: P | AL18: =COUNTIF(H18:AK18,"p")+COUNTIF(H18:AK18,"pp")+COUNTIF(H18:AK18,"pp") -> 1 | AM18: 700 | AN18: =AL18*AM18 -> 700
B19: 15 | C19: 33661 | E19: DEEPAK | F19: AJIT SINGH | G19: OBHS | H19: P | AH19: P | AI19: P | AJ19: P | AL19: =COUNTIF(H19:AK19,"p")+COUNTIF(H19:AK19,"pp")+COUNTIF(H19:AK19,"pp") -> 4 | AM19: 700 | AN19: =AL19*AM19 -> 2800
B20: 16 | C20: 33849 | E20: AJAY KUMAR | F20: RAM VILAS | G20: OBHS | H20: P | J20: P | K20: P | L20: P | T20: P | U20: P | V20: P | AL20: =COUNTIF(H20:AK20,"p")+COUNTIF(H20:AK20,"pp")+COUNTIF(H20:AK20,"pp") -> 7 | AM20: 700 | AN20: =AL20*AM20 -> 4900
B21: 17 | C21: DELHI | E21: VIPIN | F21: TEK CHAND | G21: OBHS | H21: P | AL21: =COUNTIF(H21:AK21,"p")+COUNTIF(H21:AK21,"pp")+COUNTIF(H21:AK21,"pp") -> 1 | AM21: 1000 | AN21: =AL21*AM21 -> 1000 | AO21: Staff Board from Delhi salary Paid to Cash
B22: 18 | C22: 34002 | E22: CHANDAN SAGAR | F22: NET RAM | G22: OBHS | H22: P | I22: P | N22: P | O22: P | P22: P | AL22: =COUNTIF(H22:AK22,"p")+COUNTIF(H22:AK22,"pp")+COUNTIF(H22:AK22,"pp") -> 5 | AM22: 700 | AN22: =AL22*AM22 -> 3500
B23: 19 | C23: 33605 | E23: AJAY | F23: RAMESH KUMAR | G23: OBHS | H23: P | I23: P | M23: P | N23: P | O23: P | X23: P | Y23: P | Z23: P | AB23: P | AC23: P | AD23: P | AL23: =COUNTIF(H23:AK23,"p")+COUNTIF(H23:AK23,"pp")+COUNTIF(H23:AK23,"pp") -> 11 | AM23: 700 | AN23: =AL23*AM23 -> 7700
B24: Total Per Day | H24: =COUNTIF(H5:H23,"P")+COUNTIF(H5:H23,"PP")+COUNTIF(H5:H23,"PP") -> 11 | I24: =COUNTIF(I5:I23,"P")+COUNTIF(I5:I23,"PP")+COUNTIF(I5:I23,"PP") -> 5 | J24: =COUNTIF(J5:J23,"P")+COUNTIF(J5:J23,"PP")+COUNTIF(J5:J23,"PP") -> 2 | K24: =COUNTIF(K5:K23,"P")+COUNTIF(K5:K23,"PP")+COUNTIF(K5:K23,"PP") -> 2 | L24: =COUNTIF(L5:L23,"P")+COUNTIF(L5:L23,"PP")+COUNTIF(L5:L23,"PP") -> 2 | M24: =COUNTIF(M5:M23,"P")+COUNTIF(M5:M23,"PP")+COUNTIF(M5:M23,"PP") -> 1 | N24: =COUNTIF(N5:N23,"P")+COUNTIF(N5:N23,"PP")+COUNTIF(N5:N23,"PP") -> 3 | O24: =COUNTIF(O5:O23,"P")+COUNTIF(O5:O23,"PP")+COUNTIF(O5:O23,"PP") -> 3 | ... AK24: =COUNTIF(AK5:AK23,"P")+COUNTIF(AK5:AK23,"PP")+COUNTIF(AK5:AK23,"PP") -> 0 | AL24: =SUM(AL5:AL23) -> 79 | AN24: =SUM(AN5:AN23) -> 56650
B27: Masure Project Pvt. Ltd. | AM27: Rate/Day | AN27: Monthly Salary
B28: OBHS Attendance sheet of 12204/03 (Rake-02) Month:- Jun-2026 Site Name:- Amritsar OBHS (Attendance Day Per trip:- 03)
B29: S.N. | C29: EMP CODE | D29: TA ID No. | E29: EMP Name | F29: Father's Name | G29: Dig | H29: 1 | I29: 2 | J29: 3 | K29: 4 | L29: 5 | M29: 6 | N29: 7 | O29: 8 | P29: 9 | Q29: 10 | R29: 11 | S29: 12 | T29: 13 | U29: 14 | V29: 15 | W29: 16 | X29: 17 | Y29: 18 | Z29: 19 | AA29: 20 | AB29: 21 | AC29: 22 | AD29: 23 | AE29: 24 | AF29: 25 | AG29: 26 | AH29: 27 | AI29: 28 | AJ29: 29 | AK29: 30 | AL29: Total
B30: 1 | C30: 33516 | E30: SARWAN SINGH | F30: HARBHAJAN SINGH | G30: EHK | H30: P | J30: P | K30: P | L30: P | N30: P | O30: P | P30: P | T30: P | U30: P | V30: P | AL30: =COUNTIF(H30:AK30,"p")+COUNTIF(H30:AK30,"pp")+COUNTIF(H30:AK30,"pp") -> 10 | AM30: 750 | AN30: =AL30*AM30 -> 7500
B31: 2 | C31: 33614 | E31: SUNNY | F31: LAKHBIR SINGH | G31: EHK | H31: P | I31: P | M31: P | N31: P | O31: P | X31: P | Y31: P | Z31: P | AB31: P | AC31: P | AD31: P | AH31: P | AI31: P | AJ31: P | AL31: =COUNTIF(H31:AK31,"p")+COUNTIF(H31:AK31,"pp")+COUNTIF(H31:AK31,"pp") -> 14 | AM31: 750 | AN31: =AL31*AM31 -> 10500
B32: 3 | C32: 34585 | E32: LOVEDEEP SINGH | F32: SAWINDER SINGH | G32: EHK | N32: P | O32: P | P32: P | AL32: =COUNTIF(H32:AK32,"p")+COUNTIF(H32:AK32,"pp")+COUNTIF(H32:AK32,"pp") -> 3 | AM32: 750 | AN32: =AL32*AM32 -> 2250
B33: 4 | C33: DELHI | E33: SONU | F33: RAM KISHAN | G33: OBHS | N33: P | O33: P | P33: P | AL33: =COUNTIF(H33:AK33,"p")+COUNTIF(H33:AK33,"pp")+COUNTIF(H33:AK33,"pp") -> 3 | AM33: 1000 | AN33: =AL33*AM33 -> 3000 | AO33: Staff Board from Delhi salary Paid to Cash
B34: 5 | C34: 33997 | E34: KARANJEET SINGH | F34: BUTTA SINGH | G34: OBHS | J34: P | K34: P | L34: P | N34: P | O34: P | P34: P | T34: P | U34: P | V34: P | AA34: P | AB34: P | AC34: P | AD34: P | AL34: =COUNTIF(H34:AK34,"p")+COUNTIF(H34:AK34,"pp")+COUNTIF(H34:AK34,"pp") -> 13 | AM34: 700 | AN34: =AL34*AM34 -> 9100
B35: 6 | C35: 33999 | E35: KARANDEEP SINGH | F35: JASPAL SINGH | G35: OBHS | H35: P | I35: P | M35: P | N35: P | O35: P | X35: P | Y35: P | Z35: P | AB35: P | AC35: P | AD35: P | AH35: P | AI35: P | AJ35: P | AL35: =COUNTIF(H35:AK35,"p")+COUNTIF(H35:AK35,"pp")+COUNTIF(H35:AK35,"pp") -> 14 | AM35: 700 | AN35: =AL35*AM35 -> 9800
B36: 7 | C36: 34059 | E36: AMIT KUMAR | F36: PRITAM KUMAR | G36: OBHS | H36: P | I36: P | U36: P | V36: P | W36: P | X36: P | AB36: P | AC36: P | AD36: P | AH36: P | AI36: P | AJ36: P | AL36: =COUNTIF(H36:AK36,"p")+COUNTIF(H36:AK36,"pp")+COUNTIF(H36:AK36,"pp") -> 12 | AM36: 700 | AN36: =AL36*AM36 -> 8400
B37: 8 | C37: 33530 | E37: DAVINDER SINGH | F37: LAKHWINDER SINGH | G37: OBHS | M37: P | N37: P | O37: P | Q37: P | R37: P | S37: P | T37: P | X37: P | Y37: P | Z37: P | AB37: P | AC37: P | AD37: P | AH37: P | AI37: P | AJ37: P | AL37: =COUNTIF(H37:AK37,"p")+COUNTIF(H37:AK37,"pp")+COUNTIF(H37:AK37,"pp") -> 16 | AM37: 700 | AN37: =AL37*AM37 -> 11200
B38: 9 | C38: 34315 | E38: MALKIT SINGH | F38: AJAIB SINGH | G38: OBHS | M38: P | N38: P | O38: P | Q38: P | R38: P | S38: P | T38: P | U38: P | V38: P | W38: P | X38: P | AI38: P | AJ38: PP | AK38: PP | AL38: =COUNTIF(H38:AK38,"p")+COUNTIF(H38:AK38,"pp")+COUNTIF(H38:AK38,"pp") -> 16 | AM38: 700 | AN38: =AL38*AM38 -> 11200
B39: 10 | C39: 34682 | E39: CHETAN | F39: JAGJEET PRAKASH SINGH | G39: OBHS | M39: P | N39: P | O39: P | T39: P | U39: P | V39: P | W39: P | AL39: =COUNTIF(H39:AK39,"p")+COUNTIF(H39:AK39,"pp")+COUNTIF(H39:AK39,"pp") -> 7 | AM39: 1000 | AN39: =AL39*AM39 -> 7000 | AO39: Staff Board from Delhi salary Paid to Cash
B40: 11 | C40: 34699 | E40: KARANBIR SINGH | F40: BAJWA SINGH | G40: OBHS | N40: P | O40: P | P40: P | AL40: =COUNTIF(H40:AK40,"p")+COUNTIF(H40:AK40,"pp")+COUNTIF(H40:AK40,"pp") -> 3 | AM40: 700 | AN40: =AL40*AM40 -> 2100
B41: 12 | C41: DELHI | E41: SHIVAM | F41: NARESH SINGH | G41: OBHS | N41: P | O41: P | P41: P | AL41: =COUNTIF(H41:AK41,"p")+COUNTIF(H41:AK41,"pp")+COUNTIF(H41:AK41,"pp") -> 3 | AM41: 1000 | AN41: =AL41*AM41 -> 3000 | AO41: Staff Board from Delhi salary Paid to Cash
B42: 13 | C42: DELHI | E42: AMAN | F42: NANHE SINGH | G42: OBHS | N42: P | O42: P | P42: P | AL42: =COUNTIF(H42:AK42,"p")+COUNTIF(H42:AK42,"pp")+COUNTIF(H42:AK42,"pp") -> 3 | AM42: 1000 | AN42: =AL42*AM42 -> 3000 | AO42: Staff Board from Delhi salary Paid to Cash
B43: 14 | C43: 34362 | E43: DHARMENDRA KUMAR | F43: HARISHANKAR | G43: EHK | Q43: P | R43: P | S43: P | T43: P | U43: P | V43: P | W43: P | X43: P | AA43: P | AB43: P | AC43: P | AD43: P | AE43: P | AF43: P | AG43: P | AI43: P | AJ43: PP | AK43: PP | AL43: =COUNTIF(H43:AK43,"p")+COUNTIF(H43:AK43,"pp")+COUNTIF(H43:AK43,"pp") -> 20 | AM43: 750 | AN43: =AL43*AM43 -> 15000
B44: 15 | C44: 34350 | E44: SHIVAM | F44: JAY SINGH | G44: OBHS | Q44: P | R44: P | S44: P | T44: P | U44: P | V44: P | W44: P | X44: P | AA44: P | AB44: P | AC44: P | AD44: P | AL44: =COUNTIF(H44:AK44,"p")+COUNTIF(H44:AK44,"pp")+COUNTIF(H44:AK44,"pp") -> 12 | AM44: 700 | AN44: =AL44*AM44 -> 8400
B45: 16 | C45: 34372 | E45: RAHUL MISHRA | F45: RAMASHANKAR MISHRA | G45: OBHS | Q45: P | R45: P | S45: P | T45: P | U45: P | V45: P | W45: P | X45: P | AA45: P | AB45: P | AC45: P | AD45: P | AE45: P | AF45: P | AG45: P | AL45: =COUNTIF(H45:AK45,"p")+COUNTIF(H45:AK45,"pp")+COUNTIF(H45:AK45,"pp") -> 15 | AM45: 700 | AN45: =AL45*AM45 -> 10500
B46: 17 | C46: 34360 | E46: ANAND KUMAR | F46: ASHOK KUMAR | G46: OBHS | Q46: P | R46: P | S46: P | T46: P | U46: P | V46: P | W46: P | X46: P | AA46: P | AB46: P | AC46: P | AD46: P | AE46: P | AF46: P | AG46: P | AI46: P | AJ46: PP | AK46: PP | AL46: =COUNTIF(H46:AK46,"p")+COUNTIF(H46:AK46,"pp")+COUNTIF(H46:AK46,"pp") -> 20 | AM46: 700 | AN46: =AL46*AM46 -> 14000
B47: 18 | C47: 34363 | E47: AMIT AGNIHOTRI | F47: KAMLESH KUMAR | G47: EHK | Q47: P | R47: P | S47: P | T47: P | U47: P | V47: P | W47: P | X47: P | AA47: P | AB47: P | AC47: P | AD47: P | AE47: P | AF47: P | AG47: P | AI47: P | AJ47: PP | AK47: PP | AL47: =COUNTIF(H47:AK47,"p")+COUNTIF(H47:AK47,"pp")+COUNTIF(H47:AK47,"pp") -> 20 | AM47: 750 | AN47: =AL47*AM47 -> 15000
B48: 19 | C48: 34364 | E48: VINEET KUMAR | F48: CHATUR SINGH | G48: OBHS | Q48: P | R48: P | S48: P | T48: P | U48: P | V48: P | W48: P | X48: P | AL48: =COUNTIF(H48:AK48,"p")+COUNTIF(H48:AK48,"pp")+COUNTIF(H48:AK48,"pp") -> 8 | AM48: 700 | AN48: =AL48*AM48 -> 5600
B49: 20 | C49: 34365 | E49: CHANDRAPRAKASH | F49: RAGHUVARDAYAL | G49: OBHS | Q49: P | R49: P | S49: P | T49: P | U49: P | V49: P | W49: P | X49: P | AA49: P | AB49: P | AC49: P | AD49: P | AE49: P | AF49: P | AG49: P | AI49: P | AJ49: PP | AK49: PP | AL49: =COUNTIF(H49:AK49,"p")+COUNTIF(H49:AK49,"pp")+COUNTIF(H49:AK49,"pp") -> 20 | AM49: 700 | AN49: =AL49*AM49 -> 14000
B50: 21 | C50: 34351 | E50: VEERAN RAIKWAR | F50: GHANSHYAM | G50: OBHS | Q50: P | R50: P | S50: P | T50: P | AA50: P | AB50: P | AC50: P | AD50: P | AE50: P | AF50: P | AG50: P | AL50: =COUNTIF(H50:AK50,"p")+COUNTIF(H50:AK50,"pp")+COUNTIF(H50:AK50,"pp") -> 11 | AM50: 700 | AN50: =AL50*AM50 -> 7700
B51: 22 | C51: 34349 | E51: UMESH AHIRWAR | F51: BALLU AHIRWAR | G51: OBHS | Q51: P | R51: P | S51: P | T51: P | U51: P | V51: P | W51: P | X51: P | AA51: P | AB51: P | AC51: P | AD51: P | AE51: P | AF51: P | AG51: P | AI51: P | AJ51: PP | AK51: PP | AL51: =COUNTIF(H51:AK51,"p")+COUNTIF(H51:AK51,"pp")+COUNTIF(H51:AK51,"pp") -> 20 | AM51: 700 | AN51: =AL51*AM51 -> 14000
B52: 23 | C52: DELHI | E52: SHAILESH KUMAR RAO | F52: HARISH KUMAR | G52: OBHS | T52: P | U52: P | V52: P | W52: P | AL52: =COUNTIF(H52:AK52,"p")+COUNTIF(H52:AK52,"pp")+COUNTIF(H52:AK52,"pp") -> 4 | AM52: 1000 | AN52: =AL52*AM52 -> 4000 | AO52: Staff Board from Delhi salary Paid to Cash
B53: 24 | C53: 34578 | E53: PRAVEEN SONI | F53: DHARMENDRA SONI | G53: EHK | U53: P | V53: P | W53: P | X53: P | AA53: P | AB53: P | AC53: P | AD53: P | AE53: P | AF53: P | AG53: P | AL53: =COUNTIF(H53:AK53,"p")+COUNTIF(H53:AK53,"pp")+COUNTIF(H53:AK53,"pp") -> 11 | AM53: 750 | AN53: =AL53*AM53 -> 8250
B54: 25 | C54: 34528 | E54: PRABJOT SINGH | F54: JOGINDER SINGH | G54: OBHS | X54: P | Y54: P | Z54: P | AL54: =COUNTIF(H54:AK54,"p")+COUNTIF(H54:AK54,"pp")+COUNTIF(H54:AK54,"pp") -> 3 | AM54: 700 | AN54: =AL54*AM54 -> 2100
B55: 26 | C55: 34483 | E55: FATEH SINGH | F55: HARVAIL SINGH | G55: OBHS | X55: P | Y55: P | Z55: P | AL55: =COUNTIF(H55:AK55,"p")+COUNTIF(H55:AK55,"pp")+COUNTIF(H55:AK55,"pp") -> 3 | AM55: 700 | AN55: =AL55*AM55 -> 2100
B56: 27 | C56: 34304 | E56: NISHANT | F56: DEEPAK GUPTA | G56: OBHS | J56: P | K56: P | L56: P | M56: P | N56: P | O56: P | T56: P | U56: P | V56: P | W56: P | AL56: =COUNTIF(H56:AK56,"p")+COUNTIF(H56:AK56,"pp")+COUNTIF(H56:AK56,"pp") -> 10 | AM56: 1000 | AN56: =AL56*AM56 -> 10000 | AO56: Staff Board from Delhi salary Paid to Cash
B57: 28 | C57: 33653 | E57: PRAVEEN | F57: MUNNA LAL | G57: OBHS | H57: P | J57: P | K57: P | L57: P | M57: P | N57: P | O57: P | AL57: =COUNTIF(H57:AK57,"p")+COUNTIF(H57:AK57,"pp")+COUNTIF(H57:AK57,"pp") -> 7 | AM57: 1000 | AN57: =AL57*AM57 -> 7000 | AO57: Staff Board from Delhi salary Paid to Cash
B58: 29 | C58: 34467 | E58: HARPREET SINGH | F58: BALKAR SINGH | G58: OBHS | AB58: P | AC58: P | AD58: P | AL58: =COUNTIF(H58:AK58,"p")+COUNTIF(H58:AK58,"pp")+COUNTIF(H58:AK58,"pp") -> 3 | AM58: 700 | AN58: =AL58*AM58 -> 2100
B59: 30 | C59: 34581 | E59: MANDEEP SINGH | F59: RAJPAL SINGH | G59: OBHS | AB59: P | AC59: P | AD59: P | AL59: =COUNTIF(H59:AK59,"p")+COUNTIF(H59:AK59,"pp")+COUNTIF(H59:AK59,"pp") -> 3 | AM59: 700 | AN59: =AL59*AM59 -> 2100
B60: 31 | C60: 34562 | E60: GURBINDER SINGH | F60: DARSHAN SINGH | G60: OBHS | AE60: P | AF60: P | AG60: P | AL60: =COUNTIF(H60:AK60,"p")+COUNTIF(H60:AK60,"pp")+COUNTIF(H60:AK60,"pp") -> 3 | AM60: 700 | AN60: =AL60*AM60 -> 2100
B61: 32 | C61: 34679 | E61: SUKHBIR SINGH | F61: SOHAN SINGH | G61: OBHS | AA61: P | AB61: P | AC61: P | AD61: P | AL61: =COUNTIF(H61:AK61,"p")+COUNTIF(H61:AK61,"pp")+COUNTIF(H61:AK61,"pp") -> 4 | AM61: 700 | AN61: =AL61*AM61 -> 2800
B62: 33 | C62: 34584 | E62: SAHIL | F62: SHRI RAM | G62: OBHS | AB62: P | AC62: P | AD62: P | AL62: =COUNTIF(H62:AK62,"p")+COUNTIF(H62:AK62,"pp")+COUNTIF(H62:AK62,"pp") -> 3 | AM62: 700 | AN62: =AL62*AM62 -> 2100
B63: 34 | C63: 34303 | E63: PAWAN | F63: BHAIYA LAL SHARMA | G63: OBHS | J63: P | K63: P | L63: P | AL63: =COUNTIF(H63:AK63,"p")+COUNTIF(H63:AK63,"pp")+COUNTIF(H63:AK63,"pp") -> 3 | AM63: 1000 | AN63: =AL63*AM63 -> 3000 | AO63: Staff Board from Delhi salary Paid to Cash
B64: 35 | C64: 34347 | E64: SURJEET | F64: GOPAL SINGH | G64: OBHS | H64: P | J64: P | K64: P | L64: P | M64: P | N64: P | O64: P | T64: P | U64: P | V64: P | AL64: =COUNTIF(H64:AK64,"p")+COUNTIF(H64:AK64,"pp")+COUNTIF(H64:AK64,"pp") -> 10 | AM64: 1000 | AN64: =AL64*AM64 -> 10000 | AO64: Staff Board from Delhi salary Paid to Cash
B65: 36 | C65: DELHI | E65: VIPIN | F65: TEK CHAND | G65: OBHS | J65: P | K65: P | L65: P | AL65: =COUNTIF(H65:AK65,"p")+COUNTIF(H65:AK65,"pp")+COUNTIF(H65:AK65,"pp") -> 3 | AM65: 1000 | AN65: =AL65*AM65 -> 3000 | AO65: Staff Board from Delhi salary Paid to Cash
B66: 37 | C66: 34301 | E66: NAVNEET GUPTA | F66: RAJU GUPTA | G66: OBHS | J66: P | K66: P | L66: P | M66: P | N66: P | O66: P | T66: P | U66: P | V66: P | AL66: =COUNTIF(H66:AK66,"p")+COUNTIF(H66:AK66,"pp")+COUNTIF(H66:AK66,"pp") -> 9 | AM66: 1000 | AN66: =AL66*AM66 -> 9000 | AO66: Staff Board from Delhi salary Paid to Cash
B67: 38 | C67: 34490 | E67: MALKEET SINGH | F67: BAHIDER SINGH | G67: OBHS | X67: P | Y67: P | Z67: P | AL67: =COUNTIF(H67:AK67,"p")+COUNTIF(H67:AK67,"pp")+COUNTIF(H67:AK67,"pp") -> 3 | AM67: 700 | AN67: =AL67*AM67 -> 2100
B68: 39 | C68: 34527 | E68: JUGRAJ SINGH | F68: SUKHDEV SINGH | G68: OBHS | X68: P | Y68: P | Z68: P | AL68: =COUNTIF(H68:AK68,"p")+COUNTIF(H68:AK68,"pp")+COUNTIF(H68:AK68,"pp") -> 3 | AM68: 700 | AN68: =AL68*AM68 -> 2100
B69: 40 | C69: 34302 | E69: ASHWANI | F69: VINOD KUMAR | G69: OBHS | J69: P | K69: P | L69: P | M69: P | N69: P | O69: P | T69: P | U69: P | V69: P | AL69: =COUNTIF(H69:AK69,"p")+COUNTIF(H69:AK69,"pp")+COUNTIF(H69:AK69,"pp") -> 9 | AM69: 1000 | AN69: =AL69*AM69 -> 9000 | AO69: Staff Board from Delhi salary Paid to Cash
B70: 41 | C70: 34649 | E70: SHUBHAM SAROJ | F70: DEEP NARAYAN SAROJ | G70: OBHS | AI70: P | AJ70: PP | AK70: PP | AL70: =COUNTIF(H70:AK70,"p")+COUNTIF(H70:AK70,"pp")+COUNTIF(H70:AK70,"pp") -> 5 | AM70: 700 | AN70: =AL70*AM70 -> 3500
B71: 42 | C71: 34648 | E71: RAVINDRA | F71: MADHAVRAJ | G71: OBHS | AI71: P | AJ71: PP | AK71: PP | AL71: =COUNTIF(H71:AK71,"p")+COUNTIF(H71:AK71,"pp")+COUNTIF(H71:AK71,"pp") -> 5 | AM71: 700 | AN71: =AL71*AM71 -> 3500
B72: 43 | C72: 34647 | E72: RAJ KUMAR GAUTAM | F72: RAMESH GAUTAM | G72: OBHS | AI72: P | AJ72: PP | AK72: PP | AL72: =COUNTIF(H72:AK72,"p")+COUNTIF(H72:AK72,"pp")+COUNTIF(H72:AK72,"pp") -> 5 | AM72: 700 | AN72: =AL72*AM72 -> 3500
B73: 44 | C73: 34650 | E73: SHUBHAM PASWAN | F73: PATAN DEEN | G73: OBHS | AI73: P | AJ73: PP | AK73: PP | AL73: =COUNTIF(H73:AK73,"p")+COUNTIF(H73:AK73,"pp")+COUNTIF(H73:AK73,"pp") -> 5 | AM73: 700 | AN73: =AL73*AM73 -> 3500
B74: 45 | C74: 34000 | E74: GURSAHIB SINGH | F74: AMRIK SINGH | G74: OBHS | H74: P | J74: P | K74: P | L74: P | N74: P | O74: P | P74: P | S74: p | T74: p | U74: p | X74: P | Y74: P | Z74: P | AB74: P | AC74: P | AD74: P | AH74: P | AI74: P | AJ74: P | AL74: =COUNTIF(H74:AK74,"p")+COUNTIF(H74:AK74,"pp")+COUNTIF(H74:AK74,"pp") -> 19 | AM74: 700 | AN74: =AL74*AM74 -> 13300
B75: 46 | C75: 34073 | E75: PUSHPINDER SINGH | F75: SARDOOL SINGH | G75: OBHS | H75: P | J75: P | K75: P | L75: P | N75: P | O75: P | P75: P | S75: p | T75: p | U75: p | AB75: P | AC75: P | AD75: P | AH75: P | AI75: P | AJ75: P | AL75: =COUNTIF(H75:AK75,"p")+COUNTIF(H75:AK75,"pp")+COUNTIF(H75:AK75,"pp") -> 16 | AM75: 700 | AN75: =AL75*AM75 -> 11200
B76: Total Per Day | H76: =COUNTIF(H30:H75,"P")+COUNTIF(H30:H75,"PP")+COUNTIF(H30:H75,"PP") -> 8 | I76: =COUNTIF(I30:I75,"P")+COUNTIF(I30:I75,"PP")+COUNTIF(I30:I75,"PP") -> 3 | J76: =COUNTIF(J30:J75,"P")+COUNTIF(J30:J75,"PP")+COUNTIF(J30:J75,"PP") -> 11 | K76: =COUNTIF(K30:K75,"P")+COUNTIF(K30:K75,"PP")+COUNTIF(K30:K75,"PP") -> 11 | L76: =COUNTIF(L30:L75,"P")+COUNTIF(L30:L75,"PP")+COUNTIF(L30:L75,"PP") -> 11 | M76: =COUNTIF(M30:M75,"P")+COUNTIF(M30:M75,"PP")+COUNTIF(M30:M75,"PP") -> 10 | N76: =COUNTIF(N30:N75,"P")+COUNTIF(N30:N75,"PP")+COUNTIF(N30:N75,"PP") -> 19 | O76: =COUNTIF(O30:O75,"P")+COUNTIF(O30:O75,"PP")+COUNTIF(O30:O75,"PP") -> 19 | ... AK76: =COUNTIF(AK30:AK75,"P")+COUNTIF(AK30:AK75,"PP")+COUNTIF(AK30:AK75,"PP") -> 20 | AL76: =SUM(AL30:AL75) -> 412 | AN76: =SUM(AN30:AN75) -> 313600
B79: Total Salary of 2 Rake | AN79: =AN24+AN76 -> 370250

Sheet 04654-53
B2: Masure Project Pvt. Ltd. | AN2: Rate/Day | AO2: Salary Month
B3: OBHS Attendance sheet of 04654/53 (Rake-01) Month:- May-2026 Site Name:- Amritsar OBHS (Attendance Day Per trip:- 04)
B4: S.N. | C4: EMP CODE | D4: TA ID No. | E4: EMP Name | F4: Father's Name | G4: Dig | H4: 1 | I4: 2 | J4: 3 | K4: 4 | L4: 5 | M4: 6 | N4: 7 | O4: 8 | P4: 9 | Q4: 10 | R4: 11 | S4: 12 | T4: 13 | U4: 14 | V4: 15 | W4: 16 | X4: 17 | Y4: 18 | Z4: 19 | AA4: 20 | AB4: 21 | AC4: 22 | AD4: 23 | AE4: 24 | AF4: 25 | AG4: 26 | AH4: 27 | AI4: 28 | AJ4: 29 | AK4: 30 | AL4: 31 | AM4: Total
B5: 1 | C5: 33541 | E5: MANJEET SINGH | F5: HARDEEP SINGH | G5: EHK | AM5: =COUNTIF(H5:AL5,"p") -> 0 | AN5: 600 | AO5: =AM5*AN5 -> 0
B6: 2 | C6: 33753 | E6: AKASHDEEP SINGH | F6: JAGTAR SINGH | G6: EHK | AM6: =COUNTIF(H6:AL6,"p") -> 0 | AN6: 600 | AO6: =AM6*AN6 -> 0
B7: 3 | C7: 33752 | E7: GURPREET SINGH | F7: BEANT SINGH | G7: OBHS | AM7: =COUNTIF(H7:AL7,"p") -> 0 | AN7: 550 | AO7: =AM7*AN7 -> 0
B8: 4 | C8: 33816 | E8: JATINDER | F8: AJAY KUMAR | G8: OBHS | AM8: =COUNTIF(H8:AL8,"p") -> 0 | AN8: 550 | AO8: =AM8*AN8 -> 0
B9: 5 | C9: 33793 | E9: JAIMEET SINGH | F9: SANTOKH SINGH | G9: OBHS | AM9: =COUNTIF(H9:AL9,"p") -> 0 | AN9: 550 | AO9: =AM9*AN9 -> 0
B10: Total Per Day | H10: =COUNTIF(H5:H9,"P") -> 0 | I10: =COUNTIF(I5:I9,"P") -> 0 | J10: =COUNTIF(J5:J9,"P") -> 0 | K10: =COUNTIF(K5:K9,"P") -> 0 | L10: =COUNTIF(L5:L9,"P") -> 0 | M10: =COUNTIF(M5:M9,"P") -> 0 | N10: =COUNTIF(N5:N9,"P") -> 0 | O10: =COUNTIF(O5:O9,"P") -> 0 | ... AL10: =COUNTIF(AL5:AL9,"P") -> 0 | AM10: =SUM(AM5:AM9) -> 0 | AO10: =SUM(AO5:AO9) -> 0

Sheet 04651-52
B2: Masure Project Pvt. Ltd. | AM2: Rate/Day | AN2: Total Salary
B3: OBHS Attendance sheet of 04652/51 (Rake-01) Month:- Jun-2026 Site Name:- Amritsar OBHS (Attendance Day Per trip:- 04)
B4: S No. | C4: EMP CODE | D4: TA ID No. | E4: EMP Name | F4: Father's Name | G4: Dig | H4: 1 | I4: 2 | J4: 3 | K4: 4 | L4: 5 | M4: 6 | N4: 7 | O4: 8 | P4: 9 | Q4: 10 | R4: 11 | S4: 12 | T4: 13 | U4: 14 | V4: 15 | W4: 16 | X4: 17 | Y4: 18 | Z4: 19 | AA4: 20 | AB4: 21 | AC4: 22 | AD4: 23 | AE4: 24 | AF4: 25 | AG4: 26 | AH4: 27 | AI4: 28 | AJ4: 29 | AK4: 30 | AL4: Total
B5: 1 | C5: 33690 | D5: 83 | E5: VIPIN SAINI | F5: KARAN SINGH | G5: EHK | H5: P | J5: P | K5: P | L5: P | M5: P | N5: P | O5: P | P5: P | Q5: P | S5: P | T5: P | U5: P | V5: P | X5: P | Y5: P | Z5: P | AA5: P | AB5: P | AC5: P | AD5: P | AE5: P | AG5: P | AH5: P | AI5: P | AJ5: P | AL5: =COUNTIF(H5:AK5,"p")+COUNTIF(H5:AK5,"pp")+COUNTIF(H5:AK5,"pp") -> 25 | AM5: 600 | AN5: =AL5*AM5 -> 15000
B6: 2 | C6: 33650 | E6: KRISHNA PAL SINGH | F6: RAGHUNATH SINGH | G6: EHK | H6: P | I6: P | J6: P | L6: P | M6: P | N6: P | O6: P | Q6: P | R6: P | S6: P | T6: P | U6: P | V6: P | W6: P | X6: P | Z6: P | AA6: P | AB6: P | AC6: P | AE6: P | AF6: P | AG6: P | AH6: P | AI6: P | AJ6: P | AK6: P | AL6: =COUNTIF(H6:AK6,"p")+COUNTIF(H6:AK6,"pp")+COUNTIF(H6:AK6,"pp") -> 26 | AM6: =20000/30 -> 666.66667 | AN6: =AL6*AM6 -> 17333.333
B7: 3 | C7: 33649 | E7: RAJU | F7: PANCHAM | G7: OBHS | H7: P | I7: P | J7: P | L7: P | M7: P | N7: P | O7: P | Q7: P | R7: P | S7: P | T7: P | U7: P | V7: P | W7: P | X7: P | Z7: P | AA7: P | AB7: P | AC7: P | AL7: =COUNTIF(H7:AK7,"p")+COUNTIF(H7:AK7,"pp")+COUNTIF(H7:AK7,"pp") -> 19 | AM7: 550 | AN7: =AL7*AM7 -> 10450
B8: 4 | C8: 33647 | E8: UDAYBHAN | F8: BHURI SINGH | G8: OBHS | H8: P | I8: P | J8: P | U8: P | V8: P | W8: P | X8: P | AL8: =COUNTIF(H8:AK8,"p")+COUNTIF(H8:AK8,"pp")+COUNTIF(H8:AK8,"pp") -> 7 | AM8: 550 | AN8: =AL8*AM8 -> 3850
B9: 5 | C9: 34067 | E9: PRAVIN KUMAR | F9: RAGHUNATH | G9: OBHS | H9: P | I9: P | J9: P | L9: P | M9: P | N9: P | O9: P | Q9: P | R9: P | S9: P | T9: P | Z9: P | AA9: P | AB9: P | AC9: P | AL9: =COUNTIF(H9:AK9,"p")+COUNTIF(H9:AK9,"pp")+COUNTIF(H9:AK9,"pp") -> 15 | AM9: 550 | AN9: =AL9*AM9 -> 8250
B10: 6 | C10: 34269 | E10: VIKASH SINGH | F10: BHUPESH KUMAR | G10: OBHS | L10: P | M10: P | N10: P | O10: P | Q10: P | R10: P | S10: P | T10: P | U10: P | V10: P | W10: P | X10: P | AL10: =COUNTIF(H10:AK10,"p")+COUNTIF(H10:AK10,"pp")+COUNTIF(H10:AK10,"pp") -> 12 | AM10: 550 | AN10: =AL10*AM10 -> 6600
B11: 7 | C11: 33718 | D11: 84 | E11: ABHISHEK KUMAR | F11: HARIBABU | G11: OBHS | L11: P | M11: P | N11: P | O11: P | Q11: P | R11: P | S11: P | T11: P | U11: P | V11: P | W11: P | X11: P | Z11: P | AA11: P | AB11: P | AC11: P | AE11: P | AF11: P | AG11: P | AH11: P | AI11: P | AJ11: P | AK11: P | AL11: =COUNTIF(H11:AK11,"p")+COUNTIF(H11:AK11,"pp")+COUNTIF(H11:AK11,"pp") -> 23 | AM11: 550 | AN11: =AL11*AM11 -> 12650
B12: 8 | C12: 33796 | D12: 121 | E12: AMAR SINGH | F12: CHANDRA BHAN | G12: OBHS | H12: P | J12: P | K12: P | L12: P | M12: P | N12: P | O12: P | P12: P | Q12: P | AB12: P | AC12: P | AD12: P | AE12: P | AG12: P | AH12: P | AI12: P | AJ12: P | AL12: =COUNTIF(H12:AK12,"p")+COUNTIF(H12:AK12,"pp")+COUNTIF(H12:AK12,"pp") -> 17 | AM12: 550 | AN12: =AL12*AM12 -> 9350
B13: 9 | C13: 33775 | D13: 93 | E13: MOHD KAREEM | F13: MOHD KABEER | G13: OBHS | J13: P | K13: P | L13: P | M13: P | N13: P | O13: P | P13: P | Q13: P | S13: P | T13: P | U13: P | V13: P | X13: P | Y13: P | Z13: P | AA13: P | AB13: P | AC13: P | AD13: P | AE13: P | AG13: P | AH13: P | AI13: P | AJ13: P | AL13: =COUNTIF(H13:AK13,"p")+COUNTIF(H13:AK13,"pp")+COUNTIF(H13:AK13,"pp") -> 24 | AM13: 550 | AN13: =AL13*AM13 -> 13200
B14: 10 | C14: 33829 | E14: HASEEN KHAN | F14: SHADDU KHAN | G14: OBHS | J14: P | K14: P | L14: P | M14: P | N14: P | O14: P | P14: P | Q14: P | S14: P | T14: P | U14: P | V14: P | AL14: =COUNTIF(H14:AK14,"p")+COUNTIF(H14:AK14,"pp")+COUNTIF(H14:AK14,"pp") -> 12 | AM14: 550 | AN14: =AL14*AM14 -> 6600
B15: 11 | C15: 34341 | E15: YAMEEN KHAN | F15: SALEEM KHAN | G15: OBHS | J15: P | K15: P | L15: P | M15: P | AL15: =COUNTIF(H15:AK15,"p")+COUNTIF(H15:AK15,"pp")+COUNTIF(H15:AK15,"pp") -> 4 | AM15: 550 | AN15: =AL15*AM15 -> 2200
B16: 12 | C16: 34275 | E16: RASHPAL SINGH | F16: KASHMEER SINGH | G16: OBHS | AI16: P | AJ16: P | AK16: P | AL16: =COUNTIF(H16:AK16,"p")+COUNTIF(H16:AK16,"pp")+COUNTIF(H16:AK16,"pp") -> 3 | AM16: 550 | AN16: =AL16*AM16 -> 1650
B17: 13 | C17: 34643 | E17: PAWANPREET SINGH | F17: SUKHWINDER SINGH | G17: OBHS | AI17: P | AJ17: P | AK17: P | AL17: =COUNTIF(H17:AK17,"p")+COUNTIF(H17:AK17,"pp")+COUNTIF(H17:AK17,"pp") -> 3 | AM17: 550 | AN17: =AL17*AM17 -> 1650
B18: 14 | C18: 34679 | E18: SUKHBIR SINGH | F18: SOHAN SINGH | G18: OBHS | AI18: P | AJ18: P | AK18: P | AL18: =COUNTIF(H18:AK18,"p")+COUNTIF(H18:AK18,"pp")+COUNTIF(H18:AK18,"pp") -> 3 | AM18: 550 | AN18: =AL18*AM18 -> 1650
B19: 15 | C19: 33648 | E19: RAKESH | F19: SHYAMVEER SINGH | G19: OBHS | H19: P | I19: P | J19: P | AL19: =COUNTIF(H19:AK19,"p")+COUNTIF(H19:AK19,"pp")+COUNTIF(H19:AK19,"pp") -> 3 | AM19: 550 | AN19: =AL19*AM19 -> 1650
B20: Total Per Day | H20: =COUNTIF(H5:H19,"P")+COUNTIF(H5:H19,"PP")+COUNTIF(H5:H19,"PP") -> 7 | I20: =COUNTIF(I5:I19,"P")+COUNTIF(I5:I19,"PP")+COUNTIF(I5:I19,"PP") -> 5 | J20: =COUNTIF(J5:J19,"P")+COUNTIF(J5:J19,"PP")+COUNTIF(J5:J19,"PP") -> 10 | K20: =COUNTIF(K5:K19,"P")+COUNTIF(K5:K19,"PP")+COUNTIF(K5:K19,"PP") -> 5 | L20: =COUNTIF(L5:L19,"P")+COUNTIF(L5:L19,"PP")+COUNTIF(L5:L19,"PP") -> 10 | M20: =COUNTIF(M5:M19,"P")+COUNTIF(M5:M19,"PP")+COUNTIF(M5:M19,"PP") -> 10 | N20: =COUNTIF(N5:N19,"P")+COUNTIF(N5:N19,"PP")+COUNTIF(N5:N19,"PP") -> 9 | O20: =COUNTIF(O5:O19,"P")+COUNTIF(O5:O19,"PP")+COUNTIF(O5:O19,"PP") -> 9 | ... AK20: =COUNTIF(AK5:AK19,"P")+COUNTIF(AK5:AK19,"PP")+COUNTIF(AK5:AK19,"PP") -> 5 | AL20: =SUM(AL5:AL19) -> 196 | AN20: =SUM(AN5:AN19) -> 112083.33
B22: Masure Project Pvt. Ltd. | AM22: Rate/Day | AN22: Total Salary
B23: OBHS Attendance sheet of 04652/51 (Rake-02) Month:- Jun-2026 Site Name:- Amritsar OBHS (Attendance Day Per trip:- 04)
B24: S.N. | C24: EMP CODE | D24: TA ID No. | E24: EMP Name | F24: Father's Name | G24: Dig | H24: 1 | I24: 2 | J24: 3 | K24: 4 | L24: 5 | M24: 6 | N24: 7 | O24: 8 | P24: 9 | Q24: 10 | R24: 11 | S24: 12 | T24: 13 | U24: 14 | V24: 15 | W24: 16 | X24: 17 | Y24: 18 | Z24: 19 | AA24: 20 | AB24: 21 | AC24: 22 | AD24: 23 | AE24: 24 | AF24: 25 | AG24: 26 | AH24: 27 | AI24: 28 | AJ24: 29 | AK24: 30 | AL24: Total
B25: 1 | C25: 34068 | E25: KRISHNVEER SINGH | F25: KOMAL SINGH | G25: OBHS | H25: P | I25: P | J25: P | L25: P | M25: P | N25: P | O25: P | Q25: P | R25: P | S25: P | T25: P | U25: P | V25: P | W25: P | X25: P | AL25: =COUNTIF(H25:AK25,"p")+COUNTIF(H25:AK25,"pp")+COUNTIF(H25:AK25,"pp") -> 15 | AM25: 550 | AN25: =AL25*AM25 -> 8250
B26: 2 | C26: 33997 | E26: KARANJEET SINGH | F26: BUTTA SINGH | G26: OBHS | AE26: P | AF26: P | AG26: P | AH26: P | AI26: P | AJ26: P | AK26: P | AL26: =COUNTIF(H26:AK26,"p")+COUNTIF(H26:AK26,"pp")+COUNTIF(H26:AK26,"pp") -> 7 | AM26: 550 | AN26: =AL26*AM26 -> 3850
B27: 3 | C27: 34273 | E27: SHUBHAM | F27: RAJESH | G27: OBHS | H27: P | AL27: =COUNTIF(H27:AK27,"p")+COUNTIF(H27:AK27,"pp")+COUNTIF(H27:AK27,"pp") -> 1 | AM27: 550 | AN27: =AL27*AM27 -> 550
B28: 4 | C28: 34272 | E28: AMRITPAL SINGH | F28: SUKHDDEV SINGH | G28: OBHS | H28: P | AL28: =COUNTIF(H28:AK28,"p")+COUNTIF(H28:AK28,"pp")+COUNTIF(H28:AK28,"pp") -> 1 | AM28: 550 | AN28: =AL28*AM28 -> 550
B29: 5 | C29: 34271 | E29: KAMAL | F29: HUKUM SINGH | G29: OBHS | H29: P | AL29: =COUNTIF(H29:AK29,"p")+COUNTIF(H29:AK29,"pp")+COUNTIF(H29:AK29,"pp") -> 1 | AM29: 550 | AN29: =AL29*AM29 -> 550
B30: 6 | C30: 33865 | E30: YOGESH KUMAR | F30: PRAM CHAND SINGH | G30: OBHS | X30: P | Y30: P | Z30: P | AA30: P | AL30: =COUNTIF(H30:AK30,"p")+COUNTIF(H30:AK30,"pp")+COUNTIF(H30:AK30,"pp") -> 4 | AM30: 550 | AN30: =AL30*AM30 -> 2200
B31: 7 | C31: 33910 | E31: GULFAM | F31: MUNNE | G31: OBHS | Z31: P | AA31: P | AB31: P | AC31: P | AL31: =COUNTIF(H31:AK31,"p")+COUNTIF(H31:AK31,"pp")+COUNTIF(H31:AK31,"pp") -> 4 | AM31: 550 | AN31: =AL31*AM31 -> 2200
B32: 8 | C32: 34680 | E32: GURPRATAP SINGH | F32: TARSEM SINGH | G32: OBHS | AE32: P | AF32: P | AG32: P | AH32: P | AL32: =COUNTIF(H32:AK32,"p")+COUNTIF(H32:AK32,"pp")+COUNTIF(H32:AK32,"pp") -> 4 | AM32: 550 | AN32: =AL32*AM32 -> 2200
B33: 9 | C33: 34048 | E33: SOURABH SEHGAL | F33: DES RAJ SEHGAL | G33: OBHS | AE33: P | AF33: P | AG33: P | AH33: P | AL33: =COUNTIF(H33:AK33,"p")+COUNTIF(H33:AK33,"pp")+COUNTIF(H33:AK33,"pp") -> 4 | AM33: 550 | AN33: =AL33*AM33 -> 2200
B34: 10 | C34: 34679 | E34: SUKHBIR SINGH | F34: SOHAN SINGH | G34: OBHS | AE34: P | AF34: P | AG34: P | AH34: P | AL34: =COUNTIF(H34:AK34,"p")+COUNTIF(H34:AK34,"pp")+COUNTIF(H34:AK34,"pp") -> 4 | AM34: 550 | AN34: =AL34*AM34 -> 2200
B35: 11 | C35: 33816 | E35: JATINDER | F35: AJAY KUMAR | G35: OBHS | Z35: P | AA35: P | AB35: P | AC35: P | AL35: =COUNTIF(H35:AK35,"p")+COUNTIF(H35:AK35,"pp")+COUNTIF(H35:AK35,"pp") -> 4 | AM35: 550 | AN35: =AL35*AM35 -> 2200
B36: 12 | C36: 33567 | E36: NARENDER | F36: CHANDER BHAN | G36: OBHS | AB36: P | AC36: P | AD36: P | AE36: P | AL36: =COUNTIF(H36:AK36,"p")+COUNTIF(H36:AK36,"pp")+COUNTIF(H36:AK36,"pp") -> 4 | AM36: 550 | AN36: =AL36*AM36 -> 2200
B37: 13 | C37: 34270 | E37: ROHIT | F37: DODRAM | G37: OBHS | H37: P | AL37: =COUNTIF(H37:AK37,"p")+COUNTIF(H37:AK37,"pp")+COUNTIF(H37:AK37,"pp") -> 1 | AM37: 550 | AN37: =AL37*AM37 -> 550
B38: 14 | C38: 33713 | E38: NITISH SINGH | F38: MAHESH KUMAR | G38: OBHS | J38: P | K38: P | L38: P | M38: P | N38: P | O38: P | P38: P | Q38: P | S38: P | T38: P | U38: P | V38: P | X38: P | Y38: P | Z38: P | AA38: P | AB38: P | AC38: P | AD38: P | AE38: P | AG38: P | AH38: P | AI38: P | AJ38: P | AL38: =COUNTIF(H38:AK38,"p")+COUNTIF(H38:AK38,"pp")+COUNTIF(H38:AK38,"pp") -> 24 | AM38: 550 | AN38: =AL38*AM38 -> 13200
B39: 15 | C39: 33497 | E39: JASBIR SINGH | F39: KASHMIR SINGH | G39: OBHS | S39: P | T39: P | U39: P | V39: P | X39: P | Y39: P | Z39: P | AA39: P | AB39: P | AC39: P | AD39: P | AE39: P | AG39: P | AH39: P | AI39: P | AJ39: P | AL39: =COUNTIF(H39:AK39,"p")+COUNTIF(H39:AK39,"pp")+COUNTIF(H39:AK39,"pp") -> 16 | AM39: 550 | AN39: =AL39*AM39 -> 8800
B40: 16 | C40: 33987 | E40: ARUN | F40: SURESH | G40: OBHS | X40: P | Y40: P | Z40: P | AA40: P | AL40: =COUNTIF(H40:AK40,"p")+COUNTIF(H40:AK40,"pp")+COUNTIF(H40:AK40,"pp") -> 4 | AM40: 550 | AN40: =AL40*AM40 -> 2200
B41: 17 | C41: 34681 | E41: NIKHIL PRAJAPATI | F41: RAMNATH PRAJAPATI | G41: OBHS | N41: P | O41: P | P41: P | Q41: P | S41: P | T41: P | U41: P | V41: P | AL41: =COUNTIF(H41:AK41,"p")+COUNTIF(H41:AK41,"pp")+COUNTIF(H41:AK41,"pp") -> 8 | AM41: 550 | AN41: =AL41*AM41 -> 4400
B42: Total Per Day | H42: =COUNTIF(H25:H41,"P")+COUNTIF(H25:H41,"PP")+COUNTIF(H25:H41,"PP") -> 5 | I42: =COUNTIF(I25:I41,"P")+COUNTIF(I25:I41,"PP")+COUNTIF(I25:I41,"PP") -> 1 | J42: =COUNTIF(J25:J41,"P")+COUNTIF(J25:J41,"PP")+COUNTIF(J25:J41,"PP") -> 2 | K42: =COUNTIF(K25:K41,"P")+COUNTIF(K25:K41,"PP")+COUNTIF(K25:K41,"PP") -> 1 | L42: =COUNTIF(L25:L41,"P")+COUNTIF(L25:L41,"PP")+COUNTIF(L25:L41,"PP") -> 2 | M42: =COUNTIF(M25:M41,"P")+COUNTIF(M25:M41,"PP")+COUNTIF(M25:M41,"PP") -> 2 | N42: =COUNTIF(N25:N41,"P")+COUNTIF(N25:N41,"PP")+COUNTIF(N25:N41,"PP") -> 3 | O42: =COUNTIF(O25:O41,"P")+COUNTIF(O25:O41,"PP")+COUNTIF(O25:O41,"PP") -> 3 | ... AK42: =COUNTIF(AK25:AK41,"P")+COUNTIF(AK25:AK41,"PP")+COUNTIF(AK25:AK41,"PP") -> 1 | AL42: =SUM(AL25:AL41) -> 106 | AN42: =SUM(AN25:AN41) -> 58300
B44: Total Salary of 2 Rake | AN44: =AN20+AN42 -> 170383.33

Sheet 14616-15
B2: Masure Project Pvt. Ltd. | AN2: Rate/Day | AO2: Total Salary
B3: OBHS Attendance sheet of 14616-15 (Rake-01) Month:- Jun-2026 Site Name:- Amritsar OBHS (Attendance Day Per trip:- 02)
B4: S No. | C4: EMP CODE | D4: TA ID No. | E4: EMP Name | F4: Father's Name | G4: Dig | H4: 1 | I4: 2 | J4: 3 | K4: 4 | L4: 5 | M4: 6 | N4: 7 | O4: 8 | P4: 9 | Q4: 10 | R4: 11 | S4: 12 | T4: 13 | U4: 14 | V4: 15 | W4: 16 | X4: 17 | Y4: 18 | Z4: 19 | AA4: 20 | AB4: 21 | AC4: 22 | AD4: 23 | AE4: 24 | AF4: 25 | AG4: 26 | AH4: 27 | AI4: 28 | AJ4: 29 | AK4: 30 | AL4: 31 | AM4: Total
B5: 1 | C5: 33526 | D5: 33 | E5: ASHWANI SINGH | F5: MANN SINGH | G5: EHK | M5: P | N5: P | T5: P | U5: P | AA5: P | AB5: P | AH5: P | AI5: P | AM5: =COUNTIF(I5:AL5,"p")+COUNTIF(I5:AL5,"pp")+COUNTIF(I5:AL5,"pp") -> 8 | AN5: 600 | AO5: =AM5*AN5 -> 4800
B6: 2 | C6: 33791 | D6: 147 | E6: RAVI | F6: SANTOKH SINGH | G6: OBHS | M6: P | N6: P | T6: P | U6: P | AA6: P | AB6: P | AM6: =COUNTIF(I6:AL6,"p")+COUNTIF(I6:AL6,"pp")+COUNTIF(I6:AL6,"pp") -> 6 | AN6: 550 | AO6: =AM6*AN6 -> 3300
B7: 3 | C7: 34685 | E7: PRITPAL SINGH | F7: JASBIR SINGH | G7: OBHS | AH7: P | AI7: P | AM7: =COUNTIF(I7:AL7,"p")+COUNTIF(I7:AL7,"pp")+COUNTIF(I7:AL7,"pp") -> 2 | AN7: 550 | AO7: =AM7*AN7 -> 1100
B8: 4 | C8: 33887 | E8: MANPREET SINGH | F8: HARBANS SINGH | G8: OBHS | M8: P | N8: P | T8: P | U8: P | AA8: P | AB8: P | AM8: =COUNTIF(I8:AL8,"p")+COUNTIF(I8:AL8,"pp")+COUNTIF(I8:AL8,"pp") -> 6 | AN8: 550 | AO8: =AM8*AN8 -> 3300
B9: 5 | C9: 33638 | E9: KAMALDEEP | F9: SUNIL KUMAR | G9: OBHS | AH9: P | AI9: P | AM9: =COUNTIF(I9:AL9,"p")+COUNTIF(I9:AL9,"pp")+COUNTIF(I9:AL9,"pp") -> 2 | AN9: 550 | AO9: =AM9*AN9 -> 1100
B10: 6 | C10: 34088 | E10: MANINDER SINGH | F10: RESHAM SINGH | G10: OBHS | M10: P | N10: P | T10: P | U10: P | AM10: =COUNTIF(I10:AL10,"p")+COUNTIF(I10:AL10,"pp")+COUNTIF(I10:AL10,"pp") -> 4 | AN10: 550 | AO10: =AM10*AN10 -> 2200
B11: 7 | C11: 34586 | E11: ARSHDEEP SINGH | F11: BALWINDER SINGH | G11: OBHS | AA11: P | AB11: P | AH11: P | AI11: P | AM11: =COUNTIF(I11:AL11,"p")+COUNTIF(I11:AL11,"pp")+COUNTIF(I11:AL11,"pp") -> 4 | AN11: 550 | AO11: =AM11*AN11 -> 2200
B12: 8 | C12: 34484 | E12: AMANDEEP SINGH | F12: BALWINDER SINGH | G12: OBHS | AH12: P | AI12: P | AM12: =COUNTIF(I12:AL12,"p")+COUNTIF(I12:AL12,"pp")+COUNTIF(I12:AL12,"pp") -> 2 | AN12: 550 | AO12: =AM12*AN12 -> 1100
B13: 9 | C13: 34285 | E13: PRINSPAL SINGH | F13: RAM SINGH | G13: OBHS | M13: P | N13: P | T13: P | U13: P | AM13: =COUNTIF(I13:AL13,"p")+COUNTIF(I13:AL13,"pp")+COUNTIF(I13:AL13,"pp") -> 4 | AN13: 550 | AO13: =AM13*AN13 -> 2200
B14: 10 | C14: 34688 | E14: JASPINDER SINGH | F14: GURPREET SINGGH | G14: OBHS | AA14: P | AB14: P | AM14: =COUNTIF(I14:AL14,"p")+COUNTIF(I14:AL14,"pp")+COUNTIF(I14:AL14,"pp") -> 2 | AN14: 550 | AO14: =AM14*AN14 -> 1100
B15: Total Per Day | H15: =COUNTIF(H5:H14,"P")+COUNTIF(H5:H14,"PP")+COUNTIF(H5:H14,"PP") -> 0 | I15: =COUNTIF(I5:I14,"P")+COUNTIF(I5:I14,"PP")+COUNTIF(I5:I14,"PP") -> 0 | J15: =COUNTIF(J5:J14,"P")+COUNTIF(J5:J14,"PP")+COUNTIF(J5:J14,"PP") -> 0 | K15: =COUNTIF(K5:K14,"P")+COUNTIF(K5:K14,"PP")+COUNTIF(K5:K14,"PP") -> 0 | L15: =COUNTIF(L5:L14,"P")+COUNTIF(L5:L14,"PP")+COUNTIF(L5:L14,"PP") -> 0 | M15: =COUNTIF(M5:M14,"P")+COUNTIF(M5:M14,"PP")+COUNTIF(M5:M14,"PP") -> 5 | N15: =COUNTIF(N5:N14,"P")+COUNTIF(N5:N14,"PP")+COUNTIF(N5:N14,"PP") -> 5 | O15: =COUNTIF(O5:O14,"P")+COUNTIF(O5:O14,"PP")+COUNTIF(O5:O14,"PP") -> 0 | ... AL15: =COUNTIF(AL5:AL14,"P")+COUNTIF(AL5:AL14,"PP")+COUNTIF(AL5:AL14,"PP") -> 0 | AM15: =SUM(AM5:AM14) -> 40 | AO15: =SUM(AO5:AO14) -> 22400

Sheet 14628-27
B2: Masure Project Pvt. Ltd. | AM2: Rate/Day | AN2: Total Salary
B3: OBHS Attendance sheet of 14628-27 (Rake-01) Month:- Jun-2026 Site Name:- Amritsar OBHS (Attendance Day Per trip:- 04)
B4: S.N. | C4: EMP CODE | D4: TA ID No. | E4: EMP Name | F4: Father's Name | G4: Dig | H4: 1 | I4: 2 | J4: 3 | K4: 4 | L4: 5 | M4: 6 | N4: 7 | O4: 8 | P4: 9 | Q4: 10 | R4: 11 | S4: 12 | T4: 13 | U4: 14 | V4: 15 | W4: 16 | X4: 17 | Y4: 18 | Z4: 19 | AA4: 20 | AB4: 21 | AC4: 22 | AD4: 23 | AE4: 24 | AF4: 25 | AG4: 26 | AH4: 27 | AI4: 28 | AJ4: 29 | AK4: 30 | AL4: Total
B5: 1 | C5: 33577 | E5: BALWINDER KUMAR | F5: BABU RAM | G5: EHK | H5: P | I5: P | AL5: =COUNTIF(H5:AK5,"p")+COUNTIF(H5:AK5,"pp")+COUNTIF(H5:AK5,"pp") -> 2 | AM5: 600 | AN5: =AL5*AM5 -> 1200
B6: 2 | C6: 34008 | E6: DHEERAJ MISHRA | F6: MANOJ MISHRA | G6: EHK | M6: P | N6: P | O6: P | P6: P | AH6: P | AI6: P | AJ6: P | AK6: P | AL6: =COUNTIF(H6:AK6,"p")+COUNTIF(H6:AK6,"pp")+COUNTIF(H6:AK6,"pp") -> 8 | AM6: 600 | AN6: =AL6*AM6 -> 4800
B7: 3 | C7: 33792 | E7: ANOOP KUMAR | F7: KISHAN CHAND | G7: EHK | AA7: P | AB7: P | AC7: P | AD7: P | AL7: =COUNTIF(H7:AK7,"p")+COUNTIF(H7:AK7,"pp")+COUNTIF(H7:AK7,"pp") -> 4 | AM7: 600 | AN7: =AL7*AM7 -> 2400
B8: 4 | C8: 34006 | E8: AVTAR SINGH | F8: DARBARA SINGH | G8: OBHS | AH8: P | AI8: P | AJ8: P | AK8: P | AL8: =COUNTIF(H8:AK8,"p")+COUNTIF(H8:AK8,"pp")+COUNTIF(H8:AK8,"pp") -> 4 | AM8: 550 | AN8: =AL8*AM8 -> 2200
B9: 5 | C9: 34652 | E9: KARAN | F9: HARDEEP SINGH | G9: OBHS | AH9: P | AI9: P | AJ9: P | AK9: P | AL9: =COUNTIF(H9:AK9,"p")+COUNTIF(H9:AK9,"pp")+COUNTIF(H9:AK9,"pp") -> 4 | AM9: 550 | AN9: =AL9*AM9 -> 2200
B10: 6 | C10: 34642 | E10: SUKHWINDER | F10: SAHIB SINGH | G10: OBHS | AH10: P | AI10: P | AJ10: P | AK10: P | AL10: =COUNTIF(H10:AK10,"p")+COUNTIF(H10:AK10,"pp")+COUNTIF(H10:AK10,"pp") -> 4 | AM10: 550 | AN10: =AL10*AM10 -> 2200
B11: 7 | C11: 33580 | E11: ALESH | F11: SHRI LAL | G11: OBHS | M11: P | N11: P | O11: P | P11: P | AL11: =COUNTIF(H11:AK11,"p")+COUNTIF(H11:AK11,"pp")+COUNTIF(H11:AK11,"pp") -> 4 | AM11: 550 | AN11: =AL11*AM11 -> 2200
B12: 8 | C12: 33576 | E12: PRAVEEN KUMAR | F12: SANJAY KUMAR | G12: OBHS | M12: P | N12: P | O12: P | P12: P | AL12: =COUNTIF(H12:AK12,"p")+COUNTIF(H12:AK12,"pp")+COUNTIF(H12:AK12,"pp") -> 4 | AM12: 550 | AN12: =AL12*AM12 -> 2200
B13: 9 | C13: 33509 | E13: NEETA | F13: SUDESH KUMAR | G13: OBHS | H13: P | I13: P | AL13: =COUNTIF(H13:AK13,"p")+COUNTIF(H13:AK13,"pp")+COUNTIF(H13:AK13,"pp") -> 2 | AM13: 550 | AN13: =AL13*AM13 -> 1100
B14: 10 | C14: 33868 | E14: PRITPAL SINGH | F14: BASANT SINGH | G14: OBHS | H14: P | I14: P | AL14: =COUNTIF(H14:AK14,"p")+COUNTIF(H14:AK14,"pp")+COUNTIF(H14:AK14,"pp") -> 2 | AM14: 550 | AN14: =AL14*AM14 -> 1100
B15: 11 | C15: 33700 | E15: JASWINDER SINGH | F15: GURBACHAN SINGH | G15: OBHS | H15: P | I15: P | AL15: =COUNTIF(H15:AK15,"p")+COUNTIF(H15:AK15,"pp")+COUNTIF(H15:AK15,"pp") -> 2 | AM15: 550 | AN15: =AL15*AM15 -> 1100
B16: 12 | C16: 33680 | E16: RAJPAL SINGH | F16: MOOL CHAND | G16: OBHS | H16: P | I16: P | M16: P | N16: P | O16: P | P16: P | T16: P | U16: P | V16: P | W16: P | AA16: P | AB16: P | AC16: P | AD16: P | AL16: =COUNTIF(H16:AK16,"p")+COUNTIF(H16:AK16,"pp")+COUNTIF(H16:AK16,"pp") -> 14 | AM16: 550 | AN16: =AL16*AM16 -> 7700
B17: 13 | C17: 33677 | E17: SANJEEV TIWARI | F17: RAGHUVEER SINGH | G17: OBHS | H17: P | I17: P | AL17: =COUNTIF(H17:AK17,"p")+COUNTIF(H17:AK17,"pp")+COUNTIF(H17:AK17,"pp") -> 2 | AM17: 550 | AN17: =AL17*AM17 -> 1100
B18: 14 | C18: 33675 | E18: ANUBHAV SHARMA | F18: SHYAM SUNDER SHARMA | G18: OBHS | H18: P | I18: P | M18: P | N18: P | O18: P | P18: P | AL18: =COUNTIF(H18:AK18,"p")+COUNTIF(H18:AK18,"pp")+COUNTIF(H18:AK18,"pp") -> 6 | AM18: 550 | AN18: =AL18*AM18 -> 3300
B19: 15 | C19: 33572 | E19: GURLAL SINGH | F19: HARPREET SINGH | G19: OBHS | M19: P | N19: P | O19: P | P19: P | AL19: =COUNTIF(H19:AK19,"p")+COUNTIF(H19:AK19,"pp")+COUNTIF(H19:AK19,"pp") -> 4 | AM19: 550 | AN19: =AL19*AM19 -> 2200
B20: 16 | C20: 34756 | E20: MANJEET SINGH | F20: RAM SINGH | G20: OBHS | T20: P | U20: P | V20: P | W20: P | AL20: =COUNTIF(H20:AK20,"p")+COUNTIF(H20:AK20,"pp")+COUNTIF(H20:AK20,"pp") -> 4 | AM20: 550 | AN20: =AL20*AM20 -> 2200
B21: 17 | C21: 34687 | E21: VIKRAM | F21: LAL SINGH | G21: OBHS | T21: P | U21: P | V21: P | W21: P | AL21: =COUNTIF(H21:AK21,"p")+COUNTIF(H21:AK21,"pp")+COUNTIF(H21:AK21,"pp") -> 4 | AM21: 550 | AN21: =AL21*AM21 -> 2200
B22: 18 | C22: 34005 | E22: PALWINDER SINGH | F22: BALWINDER SINGH | G22: OBHS | T22: P | U22: P | V22: P | W22: P | AA22: P | AB22: P | AC22: P | AD22: P | AL22: =COUNTIF(H22:AK22,"p")+COUNTIF(H22:AK22,"pp")+COUNTIF(H22:AK22,"pp") -> 8 | AM22: 550 | AN22: =AL22*AM22 -> 4400
B23: 19 | C23: 34169 | E23: ARUN SHARMA | F23: PRAMOD SHARMA | G23: OBHS | T23: P | U23: P | V23: P | W23: P | AA23: P | AB23: P | AC23: P | AD23: P | AL23: =COUNTIF(H23:AK23,"p")+COUNTIF(H23:AK23,"pp")+COUNTIF(H23:AK23,"pp") -> 8 | AM23: 550 | AN23: =AL23*AM23 -> 4400
B24: 20 | C24: 33865 | E24: YOGESH KUMAR | F24: PRAM CHAND SINGH | G24: OBHS | T24: P | U24: P | V24: P | W24: P | AL24: =COUNTIF(H24:AK24,"p")+COUNTIF(H24:AK24,"pp")+COUNTIF(H24:AK24,"pp") -> 4 | AM24: 550 | AN24: =AL24*AM24 -> 2200
B25: 21 | C25: 34279 | E25: GURPREET SINGH | F25: AJIT SINGH | G25: OBHS | AA25: P | AB25: P | AC25: P | AD25: P | AL25: =COUNTIF(H25:AK25,"p")+COUNTIF(H25:AK25,"pp")+COUNTIF(H25:AK25,"pp") -> 4 | AM25: 550 | AN25: =AL25*AM25 -> 2200
B26: 22 | C26: 33701 | E26: HARSHDEEP SINGH | F26: JAGDISH SINGH | G26: OBHS | AH26: P | AI26: P | AJ26: P | AK26: P | AL26: =COUNTIF(H26:AK26,"p")+COUNTIF(H26:AK26,"pp")+COUNTIF(H26:AK26,"pp") -> 4 | AM26: 550 | AN26: =AL26*AM26 -> 2200
B27: 23 | C27: 33724 | E27: GURBAKHASH SINGH | F27: SATPAL SINGH | G27: OBHS | AH27: P | AI27: P | AJ27: P | AK27: P | AL27: =COUNTIF(H27:AK27,"p")+COUNTIF(H27:AK27,"pp")+COUNTIF(H27:AK27,"pp") -> 4 | AM27: 550 | AN27: =AL27*AM27 -> 2200
B28: 24 | C28: 33747 | E28: SHER SINGH | F28: CHEDA LAL | G28: OBHS | AH28: P | AI28: P | AJ28: P | AK28: P | AL28: =COUNTIF(H28:AK28,"p")+COUNTIF(H28:AK28,"pp")+COUNTIF(H28:AK28,"pp") -> 4 | AM28: 550 | AN28: =AL28*AM28 -> 2200
B29: 25 | C29: 34154 | E29: SUKHPREET SINGH | F29: CHARANJIT SINGH | G29: OBHS | T29: P | U29: P | V29: P | W29: P | AA29: P | AB29: P | AC29: P | AD29: P | AL29: =COUNTIF(H29:AK29,"p")+COUNTIF(H29:AK29,"pp")+COUNTIF(H29:AK29,"pp") -> 8 | AM29: 550 | AN29: =AL29*AM29 -> 4400
B30: 26 | C30: 34166 | E30: SIKANDER | F30: KALA RAM | G30: OBHS | M30: P | N30: P | O30: P | P30: P | AA30: P | AB30: P | AC30: P | AD30: P | AL30: =COUNTIF(H30:AK30,"p")+COUNTIF(H30:AK30,"pp")+COUNTIF(H30:AK30,"pp") -> 8 | AM30: 550 | AN30: =AL30*AM30 -> 4400
B31: Total Per Day | H31: =COUNTIF(H5:H30,"P")+COUNTIF(H5:H30,"PP")+COUNTIF(H5:H30,"PP") -> 7 | I31: =COUNTIF(I5:I30,"P")+COUNTIF(I5:I30,"PP")+COUNTIF(I5:I30,"PP") -> 7 | J31: =COUNTIF(J5:J30,"P")+COUNTIF(J5:J30,"PP")+COUNTIF(J5:J30,"PP") -> 0 | K31: =COUNTIF(K5:K30,"P")+COUNTIF(K5:K30,"PP")+COUNTIF(K5:K30,"PP") -> 0 | L31: =COUNTIF(L5:L30,"P")+COUNTIF(L5:L30,"PP")+COUNTIF(L5:L30,"PP") -> 0 | M31: =COUNTIF(M5:M30,"P")+COUNTIF(M5:M30,"PP")+COUNTIF(M5:M30,"PP") -> 7 | N31: =COUNTIF(N5:N30,"P")+COUNTIF(N5:N30,"PP")+COUNTIF(N5:N30,"PP") -> 7 | O31: =COUNTIF(O5:O30,"P")+COUNTIF(O5:O30,"PP")+COUNTIF(O5:O30,"PP") -> 7 | ... AK31: =COUNTIF(AK5:AK30,"P")+COUNTIF(AK5:AK30,"PP")+COUNTIF(AK5:AK30,"PP") -> 7 | AL31: =SUM(AL5:AL30) -> 126 | AN31: =SUM(AN5:AN30) -> 70000

Sheet 12484-83
B2: Masure Project Pvt. Ltd. | AM2: Rate/Day | AN2: Total Salary
B3: OBHS Attendance sheet of 12484-83 (Rake-01) Month:- Jun-2026 Site Name:- Amritsar OBHS (Attendance Day Per trip:- 06)
B4: S No. | C4: EMP CODE | D4: TA ID No. | E4: EMP Name | F4: Father's Name | G4: Dig | H4: 1 | I4: 2 | J4: 3 | K4: 4 | L4: 5 | M4: 6 | N4: 7 | O4: 8 | P4: 9 | Q4: 10 | R4: 11 | S4: 12 | T4: 13 | U4: 14 | V4: 15 | W4: 16 | X4: 17 | Y4: 18 | Z4: 19 | AA4: 20 | AB4: 21 | AC4: 22 | AD4: 23 | AE4: 24 | AF4: 25 | AG4: 26 | AH4: 27 | AI4: 28 | AJ4: 29 | AK4: 30 | AL4: Total
B5: 1 | C5: 33797 | E5: RANJIT SINGH | F5: SARABJIT SINGH | G5: EHK | H5: P | I5: P | J5: P | K5: P | L5: P | N5: P | O5: P | P5: P | Q5: P | R5: P | S5: P | U5: P | V5: P | W5: P | X5: P | Y5: P | Z5: P | AB5: P | AC5: P | AD5: P | AE5: P | AF5: P | AG5: P | AL5: =COUNTIF(H5:AK5,"p")+COUNTIF(H5:AK5,"pp")+COUNTIF(H5:AK5,"pp") -> 23 | AM5: 600 | AN5: =AL5*AM5 -> 13800
B6: 2 | C6: 33711 | E6: SURAJ | F6: RANBIR KUMAR | G6: EHK | U6: P | V6: P | W6: P | X6: P | Y6: P | Z6: P | AB6: P | AC6: P | AD6: P | AE6: P | AF6: P | AG6: P | AI6: P | AJ6: P | AK6: P | AL6: =COUNTIF(H6:AK6,"p")+COUNTIF(H6:AK6,"pp")+COUNTIF(H6:AK6,"pp") -> 15 | AM6: 600 | AN6: =AL6*AM6 -> 9000
B7: 3 | C7: 33882 | E7: MANDEEP SINGH | F7: SUKHCHAIN SINGH | G7: OBHS | H7: P | I7: P | J7: P | K7: P | L7: P | N7: P | O7: P | P7: P | Q7: P | R7: P | S7: P | U7: P | V7: P | W7: P | X7: P | Y7: P | Z7: P | AB7: P | AC7: P | AD7: P | AE7: P | AF7: P | AG7: P | AL7: =COUNTIF(H7:AK7,"p")+COUNTIF(H7:AK7,"pp")+COUNTIF(H7:AK7,"pp") -> 23 | AM7: 550 | AN7: =AL7*AM7 -> 12650
B8: 4 | C8: 33662 | E8: MAHINDER KUMAR | F8: MUNI LAL | G8: OBHS | H8: P | I8: P | J8: P | K8: P | L8: P | N8: P | O8: P | P8: P | Q8: P | R8: P | S8: P | AL8: =COUNTIF(H8:AK8,"p")+COUNTIF(H8:AK8,"pp")+COUNTIF(H8:AK8,"pp") -> 11 | AM8: 550 | AN8: =AL8*AM8 -> 6050
B9: 5 | C9: 33880 | E9: ARUNDEEP SINGH | F9: KULDEEP SINGH | G9: OBHS | U9: P | V9: P | W9: P | X9: P | Y9: P | Z9: P | AB9: P | AC9: P | AD9: P | AE9: P | AF9: P | AG9: P | AL9: =COUNTIF(H9:AK9,"p")+COUNTIF(H9:AK9,"pp")+COUNTIF(H9:AK9,"pp") -> 12 | AM9: 550 | AN9: =AL9*AM9 -> 6600
B10: 6 | C10: 33881 | E10: AMRITPAL SINGH | F10: SATJINDER SINGH | G10: OBHS | U10: P | V10: P | W10: P | X10: P | Y10: P | Z10: P | AB10: P | AC10: P | AD10: P | AE10: P | AF10: P | AG10: P | AL10: =COUNTIF(H10:AK10,"p")+COUNTIF(H10:AK10,"pp")+COUNTIF(H10:AK10,"pp") -> 12 | AM10: 550 | AN10: =AL10*AM10 -> 6600
B11: 7 | C11: 33849 | E11: AJAY KUMAR | F11: RAM VILAS | G11: OBHS | N11: P | O11: P | P11: P | Q11: P | R11: P | S11: P | AL11: =COUNTIF(H11:AK11,"p")+COUNTIF(H11:AK11,"pp")+COUNTIF(H11:AK11,"pp") -> 6 | AM11: 550 | AN11: =AL11*AM11 -> 3300
B12: 8 | C12: 34044 | E12: NISHAN SINGH | F12: DILBAG SINGH | G12: OBHS | N12: P | O12: P | P12: P | Q12: P | R12: P | S12: P | U12: P | V12: P | W12: P | X12: P | Y12: P | Z12: P | AB12: P | AC12: P | AD12: P | AE12: P | AF12: P | AG12: P | AL12: =COUNTIF(H12:AK12,"p")+COUNTIF(H12:AK12,"pp")+COUNTIF(H12:AK12,"pp") -> 18 | AM12: 550 | AN12: =AL12*AM12 -> 9900
B13: 9 | C13: 34578 | E13: PRAVEEN SONI | F13: DHARMENDRA SONI | G13: OBHS | AI13: P | AJ13: P | AK13: P | AL13: =COUNTIF(H13:AK13,"p")+COUNTIF(H13:AK13,"pp")+COUNTIF(H13:AK13,"pp") -> 3 | AM13: 550 | AN13: =AL13*AM13 -> 1650
B14: 10 | C14: 33910 | E14: GULFAM | F14: MUNNE | G14: OBHS | H14: P | I14: P | J14: P | K14: P | L14: P | AL14: =COUNTIF(H14:AK14,"p")+COUNTIF(H14:AK14,"pp")+COUNTIF(H14:AK14,"pp") -> 5 | AM14: 550 | AN14: =AL14*AM14 -> 2750
B15: 11 | C15: 34646 | E15: SURAJ KUSHWAHA | F15: MAIYADEEN KUSHWAHA | G15: OBHS | AI15: P | AJ15: P | AK15: P | AL15: =COUNTIF(H15:AK15,"p")+COUNTIF(H15:AK15,"pp")+COUNTIF(H15:AK15,"pp") -> 3 | AM15: 550 | AN15: =AL15*AM15 -> 1650
B16: 12 | C16: 34645 | E16: RAM KUMAR MISHRA | F16: SUDHIR KUMAR MISHRA | G16: OBHS | AI16: P | AJ16: P | AK16: P | AL16: =COUNTIF(H16:AK16,"p")+COUNTIF(H16:AK16,"pp")+COUNTIF(H16:AK16,"pp") -> 3 | AM16: 550 | AN16: =AL16*AM16 -> 1650
B17: 13 | C17: 34281 | E17: RAMPAL SINGH | F17: GURNAM SINGH | G17: OBHS | N17: P | O17: P | P17: P | Q17: P | R17: P | S17: P | AL17: =COUNTIF(H17:AK17,"p")+COUNTIF(H17:AK17,"pp")+COUNTIF(H17:AK17,"pp") -> 6 | AM17: 550 | AN17: =AL17*AM17 -> 3300
B18: 14 | C18: 34372 | E18: RAHUL MISHRA | F18: RAMASHANKAR MISHRA | G18: OBHS | AI18: P | AJ18: P | AK18: P | AL18: =COUNTIF(H18:AK18,"p")+COUNTIF(H18:AK18,"pp")+COUNTIF(H18:AK18,"pp") -> 3 | AM18: 550 | AN18: =AL18*AM18 -> 1650
B19: Total Per Day | H19: =COUNTIF(H5:H18,"P")+COUNTIF(H5:H18,"PP")+COUNTIF(H5:H18,"PP") -> 4 | I19: =COUNTIF(I5:I18,"P")+COUNTIF(I5:I18,"PP")+COUNTIF(I5:I18,"PP") -> 4 | J19: =COUNTIF(J5:J18,"P")+COUNTIF(J5:J18,"PP")+COUNTIF(J5:J18,"PP") -> 4 | K19: =COUNTIF(K5:K18,"P")+COUNTIF(K5:K18,"PP")+COUNTIF(K5:K18,"PP") -> 4 | L19: =COUNTIF(L5:L18,"P")+COUNTIF(L5:L18,"PP")+COUNTIF(L5:L18,"PP") -> 4 | M19: =COUNTIF(M5:M18,"P")+COUNTIF(M5:M18,"PP")+COUNTIF(M5:M18,"PP") -> 0 | N19: =COUNTIF(N5:N18,"P")+COUNTIF(N5:N18,"PP")+COUNTIF(N5:N18,"PP") -> 6 | O19: =COUNTIF(O5:O18,"P")+COUNTIF(O5:O18,"PP")+COUNTIF(O5:O18,"PP") -> 6 | ... AK19: =COUNTIF(AK5:AK18,"P")+COUNTIF(AK5:AK18,"PP")+COUNTIF(AK5:AK18,"PP") -> 5 | AL19: =SUM(AL5:AL18) -> 143 | AN19: =SUM(AN5:AN18) -> 80550

Sheet 04610-09
B2: Masure Project Pvt. Ltd. | AM2: Rate/Day | AN2: Total Salary
B3: OBHS Attendance sheet of 04610/09 (Rake-01) Month:- Jun-2026 Site Name:- Amritsar OBHS (Attendance Day Per trip:- 04)
B4: S No. | C4: EMP CODE | D4: TA ID No. | E4: EMP Name | F4: Father's Name | G4: Dig | H4: 1 | I4: 2 | J4: 3 | K4: 4 | L4: 5 | M4: 6 | N4: 7 | O4: 8 | P4: 9 | Q4: 10 | R4: 11 | S4: 12 | T4: 13 | U4: 14 | V4: 15 | W4: 16 | X4: 17 | Y4: 18 | Z4: 19 | AA4: 20 | AB4: 21 | AC4: 22 | AD4: 23 | AE4: 24 | AF4: 25 | AG4: 26 | AH4: 27 | AI4: 28 | AJ4: 29 | AK4: 30 | AL4: Total
B5: 1 | C5: 34167 | E5: SURENDER | F5: SHIV CHARAN | G5: EHK | AB5: P | AC5: P | AD5: P | AE5: P | AI5: P | AJ5: P | AK5: P | AL5: =COUNTIF(H5:AK5,"p")+COUNTIF(H5:AK5,"pp")+COUNTIF(H5:AK5,"pp") -> 7 | AM5: 600 | AN5: =AM5*AL5 -> 4200
B6: 2 | C6: 34008 | E6: DHEERAJ MISHRA | F6: MANOJ MISHRA | G6: EHK | H6: P | I6: P | J6: P | U6: P | V6: P | W6: P | X6: P | AL6: =COUNTIF(H6:AK6,"p")+COUNTIF(H6:AK6,"pp")+COUNTIF(H6:AK6,"pp") -> 7 | AM6: 600 | AN6: =AL6*AM6 -> 4200
B7: 3 | C7: 34005 | D7: 39 | E7: PALWINDER SINGH | F7: BALWINDER SINGH | G7: OBHS | H7: P | I7: P | J7: P | N7: P | O7: P | P7: P | Q7: P | AL7: =COUNTIF(H7:AK7,"p")+COUNTIF(H7:AK7,"pp")+COUNTIF(H7:AK7,"pp") -> 7 | AM7: 550 | AN7: =AL7*AM7 -> 3850
B8: 4 | C8: 33241 | E8: AJAY DAHARIYA | F8: SANT RAM DAHARIYA | G8: OBHS | AI8: P | AJ8: P | AK8: P | AL8: =COUNTIF(H8:AK8,"p")+COUNTIF(H8:AK8,"pp")+COUNTIF(H8:AK8,"pp") -> 3 | AM8: 550 | AN8: =AL8*AM8 -> 1650
B9: 5 | C9: 34489 | E9: KARAN | F9: JASWINDER SINGH | G9: OBHS | AI9: P | AJ9: P | AK9: P | AL9: =COUNTIF(H9:AK9,"p")+COUNTIF(H9:AK9,"pp")+COUNTIF(H9:AK9,"pp") -> 3 | AM9: 550 | AN9: =AL9*AM9 -> 1650
B10: 6 | C10: 34168 | E10: MOHIT | F10: ASHOK | G10: OBHS | H10: P | I10: P | J10: P | AL10: =COUNTIF(H10:AK10,"p")+COUNTIF(H10:AK10,"pp")+COUNTIF(H10:AK10,"pp") -> 3 | AM10: 550 | AN10: =AL10*AM10 -> 1650
B11: 7 | C11: 34588 | E11: GURPREET SINGH | F11: BAGH SINGH | G11: OBHS | AI11: P | AJ11: P | AK11: P | AL11: =COUNTIF(H11:AK11,"p")+COUNTIF(H11:AK11,"pp")+COUNTIF(H11:AK11,"pp") -> 3 | AM11: 550 | AN11: =AL11*AM11 -> 1650
B12: 8 | C12: 34584 | E12: SAHIL | F12: SHRI RAM | G12: OBHS | AI12: P | AJ12: P | AK12: P | AL12: =COUNTIF(H12:AK12,"p")+COUNTIF(H12:AK12,"pp")+COUNTIF(H12:AK12,"pp") -> 3 | AM12: 550 | AN12: =AL12*AM12 -> 1650
B13: 9 | C13: 33497 | E13: JASBIR SINGH | F13: KASHMIR SINGH | G13: OBHS | N13: P | O13: P | P13: P | Q13: P | AL13: =COUNTIF(H13:AK13,"p")+COUNTIF(H13:AK13,"pp")+COUNTIF(H13:AK13,"pp") -> 4 | AM13: 550 | AN13: =AL13*AM13 -> 2200
B14: 10 | C14: 33676 | E14: SONU BAGHEL | F14: PREM SINGH | G14: OBHS | H14: P | I14: P | J14: P | N14: P | O14: P | P14: P | Q14: P | AL14: =COUNTIF(H14:AK14,"p")+COUNTIF(H14:AK14,"pp")+COUNTIF(H14:AK14,"pp") -> 7 | AM14: 550 | AN14: =AL14*AM14 -> 3850
B15: 11 | C15: 34169 | E15: ARUN SHARMA | F15: PRAMOD SHARMA | G15: OBHS | H15: P | I15: P | J15: P | AL15: =COUNTIF(H15:AK15,"p")+COUNTIF(H15:AK15,"pp")+COUNTIF(H15:AK15,"pp") -> 3 | AM15: 550 | AN15: =AL15*AM15 -> 1650
B16: 12 | C16: 33647 | E16: UDAYBHAN | F16: BHURI SINGH | G16: OBHS | AB16: P | AC16: P | AD16: P | AE16: P | AL16: =COUNTIF(H16:AK16,"p")+COUNTIF(H16:AK16,"pp")+COUNTIF(H16:AK16,"pp") -> 4 | AM16: 550 | AN16: =AL16*AM16 -> 2200
B17: 13 | C17: 33648 | E17: RAKESH | F17: SHYAMVEER SINGH | G17: OBHS | AB17: P | AC17: P | AD17: P | AE17: P | AL17: =COUNTIF(H17:AK17,"p")+COUNTIF(H17:AK17,"pp")+COUNTIF(H17:AK17,"pp") -> 4 | AM17: 550 | AN17: =AL17*AM17 -> 2200
B18: 14 | C18: 34482 | E18: SARBJIT SINGH | F18: BHAG SINGH | G18: OBHS | AB18: P | AC18: P | AD18: P | AE18: P | AL18: =COUNTIF(H18:AK18,"p")+COUNTIF(H18:AK18,"pp")+COUNTIF(H18:AK18,"pp") -> 4 | AM18: 550 | AN18: =AL18*AM18 -> 2200
B19: 15 | C19: 34280 | E19: AJAY SINGH | F19: DHEERA SINGH | G19: OBHS | N19: P | O19: P | P19: P | Q19: P | AL19: =COUNTIF(H19:AK19,"p")+COUNTIF(H19:AK19,"pp")+COUNTIF(H19:AK19,"pp") -> 4 | AM19: 550 | AN19: =AL19*AM19 -> 2200
B20: 16 | C20: 33865 | E20: YOGESH KUMAR | F20: PRAM CHAND SINGH | G20: OBHS | N20: P | O20: P | P20: P | Q20: P | AL20: =COUNTIF(H20:AK20,"p")+COUNTIF(H20:AK20,"pp")+COUNTIF(H20:AK20,"pp") -> 4 | AM20: 550 | AN20: =AL20*AM20 -> 2200
B21: 17 | C21: 33580 | E21: ALESH | F21: SHRI LAL | G21: OBHS | U21: P | V21: P | W21: P | X21: P | AB21: P | AC21: P | AD21: P | AE21: P | AL21: =COUNTIF(H21:AK21,"p")+COUNTIF(H21:AK21,"pp")+COUNTIF(H21:AK21,"pp") -> 8 | AM21: 550 | AN21: =AL21*AM21 -> 4400
B22: 18 | C22: 33576 | E22: PRAVEEN KUMAR | F22: SANJAY KUMAR | G22: OBHS | U22: P | V22: P | W22: P | X22: P | AL22: =COUNTIF(H22:AK22,"p")+COUNTIF(H22:AK22,"pp")+COUNTIF(H22:AK22,"pp") -> 4 | AM22: 550 | AN22: =AL22*AM22 -> 2200
B23: 19 | C23: 33662 | E23: MAHINDER KUMAR | F23: MUNI LAL | G23: OBHS | U23: P | V23: P | W23: P | X23: P | AL23: =COUNTIF(H23:AK23,"p")+COUNTIF(H23:AK23,"pp")+COUNTIF(H23:AK23,"pp") -> 4 | AM23: 550 | AN23: =AL23*AM23 -> 2200
B24: 20 | C24: 33794 | E24: VISHAL SINGH | F24: RAKESH SINGH | G24: OBHS | U24: P | V24: P | W24: P | X24: P | AL24: =COUNTIF(H24:AK24,"p")+COUNTIF(H24:AK24,"pp")+COUNTIF(H24:AK24,"pp") -> 4 | AM24: 550 | AN24: =AL24*AM24 -> 2200
B25: Total Per Day | H25: =COUNTIF(H5:H24,"P")+COUNTIF(H5:H24,"PP")+COUNTIF(H5:H24,"PP") -> 5 | I25: =COUNTIF(I5:I24,"P")+COUNTIF(I5:I24,"PP")+COUNTIF(I5:I24,"PP") -> 5 | J25: =COUNTIF(J5:J24,"P")+COUNTIF(J5:J24,"PP")+COUNTIF(J5:J24,"PP") -> 5 | K25: =COUNTIF(K5:K24,"P")+COUNTIF(K5:K24,"PP")+COUNTIF(K5:K24,"PP") -> 0 | L25: =COUNTIF(L5:L24,"P")+COUNTIF(L5:L24,"PP")+COUNTIF(L5:L24,"PP") -> 0 | M25: =COUNTIF(M5:M24,"P")+COUNTIF(M5:M24,"PP")+COUNTIF(M5:M24,"PP") -> 0 | N25: =COUNTIF(N5:N24,"P")+COUNTIF(N5:N24,"PP")+COUNTIF(N5:N24,"PP") -> 5 | O25: =COUNTIF(O5:O24,"P")+COUNTIF(O5:O24,"PP")+COUNTIF(O5:O24,"PP") -> 5 | ... AK25: =COUNTIF(AK5:AK24,"P")+COUNTIF(AK5:AK24,"PP")+COUNTIF(AK5:AK24,"PP") -> 5 | AL25: =SUM(AL5:AL24) -> 90 | AN25: =SUM(AN5:AN24) -> 50200

Sheet 04624-23
B2: Masure Project Pvt. Ltd. | AM2: Rate/Day | AN2: Total Salary
B3: OBHS Attendance sheet of 04624/23 (Rake-01) Month:- Jun-2026 Site Name:- Amritsar OBHS (Attendance Day Per trip:- 05)
B4: S.N. | C4: EMP CODE | D4: TA ID No. | E4: EMP Name | F4: Father's Name | G4: Dig | H4: 1 | I4: 2 | J4: 3 | K4: 4 | L4: 5 | M4: 6 | N4: 7 | O4: 8 | P4: 9 | Q4: 10 | R4: 11 | S4: 12 | T4: 13 | U4: 14 | V4: 15 | W4: 16 | X4: 17 | Y4: 18 | Z4: 19 | AA4: 20 | AB4: 21 | AC4: 22 | AD4: 23 | AE4: 24 | AF4: 25 | AG4: 26 | AH4: 27 | AI4: 28 | AJ4: 29 | AK4: 30 | AL4: Total
B5: 1 | C5: 33518 | D5: 22 | E5: VINOD KUMAR | F5: JASPAL | G5: EHK | H5: P | I5: P | J5: P | K5: P | L5: P | O5: P | P5: P | Q5: P | R5: P | S5: P | V5: P | W5: P | X5: P | Y5: P | Z5: P | AC5: P | AD5: P | AE5: P | AF5: P | AG5: P | AH5: P | AJ5: P | AK5: P | AL5: =COUNTIF(H5:AK5,"p")+COUNTIF(H5:AK5,"pp")+COUNTIF(H5:AK5,"pp") -> 23 | AM5: 600 | AN5: =AL5*AM5 -> 13800
B6: 2 | C6: 33506 | D6: 13 | E6: DALBIR SINGH | F6: AJIT SINGH | G6: OBHS | H6: P | I6: P | J6: P | K6: P | L6: P | V6: P | W6: P | X6: P | Y6: P | Z6: P | AC6: P | AD6: P | AE6: P | AF6: P | AG6: P | AH6: P | AJ6: P | AK6: P | AL6: =COUNTIF(H6:AK6,"p")+COUNTIF(H6:AK6,"pp")+COUNTIF(H6:AK6,"pp") -> 18 | AM6: 550 | AN6: =AL6*AM6 -> 9900
B7: 3 | C7: 33661 | D7: 104 | E7: DEEPAK | F7: AJIT SINGH | G7: OBHS | O7: P | P7: P | Q7: P | R7: P | S7: P | AL7: =COUNTIF(H7:AK7,"p")+COUNTIF(H7:AK7,"pp")+COUNTIF(H7:AK7,"pp") -> 5 | AM7: 550 | AN7: =AL7*AM7 -> 2750
B8: 4 | C8: 33539 | D8: 18 | E8: GURWINDER SINGH | F8: SATNAM SINGH | G8: OBHS | H8: P | I8: P | J8: P | K8: P | L8: P | AL8: =COUNTIF(H8:AK8,"p")+COUNTIF(H8:AK8,"pp")+COUNTIF(H8:AK8,"pp") -> 5 | AM8: 550 | AN8: =AL8*AM8 -> 2750
B9: 5 | C9: 33816 | E9: JATINDER | F9: AJAY KUMAR | G9: OBHS | O9: P | P9: P | Q9: P | R9: P | S9: P | AL9: =COUNTIF(H9:AK9,"p")+COUNTIF(H9:AK9,"pp")+COUNTIF(H9:AK9,"pp") -> 5 | AM9: 550 | AN9: =AL9*AM9 -> 2750
B10: 6 | C10: 34261 | E10: GURJANT SINGH | F10: GURNAM SINGH | G10: OBHS | H10: P | I10: P | J10: P | K10: P | L10: P | AL10: =COUNTIF(H10:AK10,"p")+COUNTIF(H10:AK10,"pp")+COUNTIF(H10:AK10,"pp") -> 5 | AM10: 550 | AN10: =AL10*AM10 -> 2750
B11: 7 | C11: 34279 | E11: GURPREET SINGH | F11: AJIT SINGH | G11: OBHS | H11: P | I11: P | J11: P | K11: P | L11: P | AL11: =COUNTIF(H11:AK11,"p")+COUNTIF(H11:AK11,"pp")+COUNTIF(H11:AK11,"pp") -> 5 | AM11: 550 | AN11: =AL11*AM11 -> 2750
B12: 8 | C12: 33638 | E12: KAMALDEEP | F12: SUNIL KUMAR | G12: OBHS | AJ12: P | AK12: P | AL12: =COUNTIF(H12:AK12,"p")+COUNTIF(H12:AK12,"pp")+COUNTIF(H12:AK12,"pp") -> 2 | AM12: 550 | AN12: =AL12*AM12 -> 1100
B13: 9 | C13: 33514 | E13: PREM PRAKASH | F13: DAVINDER | G13: OBHS | O13: P | P13: P | Q13: P | R13: P | S13: P | AL13: =COUNTIF(H13:AK13,"p")+COUNTIF(H13:AK13,"pp")+COUNTIF(H13:AK13,"pp") -> 5 | AM13: 550 | AN13: =AL13*AM13 -> 2750
B14: 10 | C14: 33567 | E14: NARENDER | F14: CHANDER BHAN | G14: OBHS | O14: P | P14: P | Q14: P | R14: P | S14: P | AL14: =COUNTIF(H14:AK14,"p")+COUNTIF(H14:AK14,"pp")+COUNTIF(H14:AK14,"pp") -> 5 | AM14: 550 | AN14: =AL14*AM14 -> 2750
B15: 11 | C15: 34479 | E15: NITIN | F15: SANDEEP SEHGAL | G15: OBHS | V15: P | W15: P | X15: P | Y15: P | Z15: P | AL15: =COUNTIF(H15:AK15,"p")+COUNTIF(H15:AK15,"pp")+COUNTIF(H15:AK15,"pp") -> 5 | AM15: 550 | AN15: =AL15*AM15 -> 2750
B16: 12 | C16: 34484 | E16: AMANDEEP SINGH | F16: BALWINDER SINGH | G16: OBHS | AC16: P | AD16: P | AE16: P | AF16: P | AG16: P | AH16: P | AL16: =COUNTIF(H16:AK16,"p")+COUNTIF(H16:AK16,"pp")+COUNTIF(H16:AK16,"pp") -> 6 | AM16: 550 | AN16: =AL16*AM16 -> 3300
B17: 13 | C17: 34286 | E17: VIKAS | F17: FIRTU RAM | G17: OBHS | AC17: P | AD17: P | AE17: P | AF17: P | AG17: P | AH17: P | AL17: =COUNTIF(H17:AK17,"p")+COUNTIF(H17:AK17,"pp")+COUNTIF(H17:AK17,"pp") -> 6 | AM17: 550 | AN17: =AL17*AM17 -> 3300
B18: 14 | C18: 34468 | E18: MANDEEP SINGH | F18: SUKHDEV SINGH | G18: OBHS | V18: P | W18: P | X18: P | Y18: P | Z18: P | AL18: =COUNTIF(H18:AK18,"p")+COUNTIF(H18:AK18,"pp")+COUNTIF(H18:AK18,"pp") -> 5 | AM18: 550 | AN18: =AL18*AM18 -> 2750
B19: 15 | C19: 34773 | E19: AKASHDEEP SINGH | F19: SATPAL KAUR | G19: OBHS | V19: P | W19: P | X19: P | Y19: P | Z19: P | AL19: =COUNTIF(H19:AK19,"p")+COUNTIF(H19:AK19,"pp")+COUNTIF(H19:AK19,"pp") -> 5 | AM19: 550 | AN19: =AL19*AM19 -> 2750
B20: 16 | C20: 34687 | E20: VIKRAM SINGH | F20: LAL SINGH | G20: OBHS | AC20: P | AD20: P | AE20: P | AF20: P | AG20: P | AH20: P | AJ20: P | AK20: P | AL20: =COUNTIF(H20:AK20,"p")+COUNTIF(H20:AK20,"pp")+COUNTIF(H20:AK20,"pp") -> 8 | AM20: 550 | AN20: =AL20*AM20 -> 4400
B21: 17 | C21: 33576 | E21: PRAVEEN KUMAR | F21: SANJAY KUMAR | G21: OBHS | AJ21: P | AK21: P | AL21: =COUNTIF(H21:AK21,"p")+COUNTIF(H21:AK21,"pp")+COUNTIF(H21:AK21,"pp") -> 2 | AM21: 550 | AN21: =AL21*AM21 -> 1100
B22: Total Per Day | H22: =COUNTIF(H2:H21,"P")+COUNTIF(H2:H21,"PP")+COUNTIF(H2:H21,"PP") -> 5 | I22: =COUNTIF(I2:I21,"P")+COUNTIF(I2:I21,"PP")+COUNTIF(I2:I21,"PP") -> 5 | J22: =COUNTIF(J2:J21,"P")+COUNTIF(J2:J21,"PP")+COUNTIF(J2:J21,"PP") -> 5 | K22: =COUNTIF(K2:K21,"P")+COUNTIF(K2:K21,"PP")+COUNTIF(K2:K21,"PP") -> 5 | L22: =COUNTIF(L2:L21,"P")+COUNTIF(L2:L21,"PP")+COUNTIF(L2:L21,"PP") -> 5 | M22: =COUNTIF(M2:M21,"P")+COUNTIF(M2:M21,"PP")+COUNTIF(M2:M21,"PP") -> 0 | N22: =COUNTIF(N2:N21,"P")+COUNTIF(N2:N21,"PP")+COUNTIF(N2:N21,"PP") -> 0 | O22: =COUNTIF(O2:O21,"P")+COUNTIF(O2:O21,"PP")+COUNTIF(O2:O21,"PP") -> 5 | ... AK22: =COUNTIF(AK2:AK21,"P")+COUNTIF(AK2:AK21,"PP")+COUNTIF(AK2:AK21,"PP") -> 5 | AL22: =SUM(AL5:AL21) -> 115 | AN22: =SUM(AN5:AN21) -> 64400

Sheet 14632-31
B2: Masure Project Pvt. Ltd. | AM2: Rate/Day | AN2: Total Salary
B3: OBHS Attendance sheet of 04624/23 (Rake-01) Month:- Jun-2026 Site Name:- Amritsar OBHS (Attendance Day Per trip:- 05)
B4: S.N. | C4: EMP CODE | D4: TA ID No. | E4: EMP Name | F4: Father's Name | G4: Dig | H4: 1 | I4: 2 | J4: 3 | K4: 4 | L4: 5 | M4: 6 | N4: 7 | O4: 8 | P4: 9 | Q4: 10 | R4: 11 | S4: 12 | T4: 13 | U4: 14 | V4: 15 | W4: 16 | X4: 17 | Y4: 18 | Z4: 19 | AA4: 20 | AB4: 21 | AC4: 22 | AD4: 23 | AE4: 24 | AF4: 25 | AG4: 26 | AH4: 27 | AI4: 28 | AJ4: 29 | AK4: 30 | AL4: Total
B5: 1 | C5: 34289 | E5: RAHUL SEMAL | F5: RAM BHAROSEY | G5: EHK | H5: P | I5: P | P5: P | Q5: P | R5: P | S5: P | T5: P | U5: P | V5: P | W5: P | X5: P | Y5: P | Z5: P | AA5: P | AB5: P | AC5: P | AD5: P | AE5: P | AL5: =COUNTIF(H5:AK5,"p")+COUNTIF(H5:AK5,"pp")+COUNTIF(H5:AK5,"pp") -> 18 | AM5: 600 | AN5: =AL5*AM5 -> 10800
B6: 2 | C6: 34486 | E6: BAGH SINGH | F6: DALBIR SINGH | G6: EHK | N6: P | O6: P | P6: P | Q6: P | S6: P | T6: P | U6: P | V6: P | W6: P | X6: P | Y6: P | Z6: P | AA6: P | AB6: P | AC6: P | AD6: P | AE6: P | AF6: P | AI6: P | AJ6: P | AK6: P | AL6: =COUNTIF(H6:AK6,"p")+COUNTIF(H6:AK6,"pp")+COUNTIF(H6:AK6,"pp") -> 21 | AM6: 600 | AN6: =AL6*AM6 -> 12600
B7: 3 | C7: 34585 | E7: LOVEDEEP SINGH | F7: SAWINDER SINGH | G7: OBHS | AI7: P | AJ7: P | AL7: =COUNTIF(H7:AK7,"p")+COUNTIF(H7:AK7,"pp")+COUNTIF(H7:AK7,"pp") -> 2 | AM7: 550 | AN7: =AL7*AM7 -> 1100
B8: 4 | C8: 33507 | E8: KARAN KUMAR | F8: INDERJIT SINGH | G8: EHK | H8: P | I8: P | M8: P | N8: P | AL8: =COUNTIF(H8:AK8,"p")+COUNTIF(H8:AK8,"pp")+COUNTIF(H8:AK8,"pp") -> 4 | AM8: 600 | AN8: =AL8*AM8 -> 2400
B9: 5 | C9: 34290 | E9: DEEPANSHU SHARMA | F9: INDRADEV SHARMA | G9: OBHS | H9: P | I9: P | P9: P | Q9: P | R9: P | S9: P | T9: P | U9: P | V9: P | W9: P | X9: P | Y9: P | Z9: P | AA9: P | AB9: P | AC9: P | AD9: P | AE9: P | AL9: =COUNTIF(H9:AK9,"p")+COUNTIF(H9:AK9,"pp")+COUNTIF(H9:AK9,"pp") -> 18 | AM9: 550 | AN9: =AL9*AM9 -> 9900
B10: 6 | C10: 34291 | E10: KARAN | F10: MUNSHIRAM | G10: OBHS | H10: P | I10: P | P10: P | Q10: P | R10: P | S10: P | T10: P | U10: P | V10: P | W10: P | X10: P | Y10: P | Z10: P | AA10: P | AB10: P | AC10: P | AD10: P | AE10: P | AL10: =COUNTIF(H10:AK10,"p")+COUNTIF(H10:AK10,"pp")+COUNTIF(H10:AK10,"pp") -> 18 | AM10: 550 | AN10: =AL10*AM10 -> 9900
B11: 7 | C11: 34284 | E11: JAG MOHAN | F11: CHANNU | G11: OBHS | H11: P | I11: P | AL11: =COUNTIF(H11:AK11,"p")+COUNTIF(H11:AK11,"pp")+COUNTIF(H11:AK11,"pp") -> 2 | AM11: 550 | AN11: =AL11*AM11 -> 1100
B12: 8 | C12: 33608 | E12: YOGESH KUMAR PAL | F12: MANOJ KUMAR PAL | G12: OBHS | I12: P | J12: P | K12: P | L12: P | M12: P | N12: P | O12: P | P12: P | R12: P | S12: P | T12: P | U12: P | X12: P | Y12: P | AJ12: P | AK12: P | AL12: =COUNTIF(H12:AK12,"p")+COUNTIF(H12:AK12,"pp")+COUNTIF(H12:AK12,"pp") -> 16 | AM12: 550 | AN12: =AL12*AM12 -> 8800
B13: 9 | C13: 33580 | E13: ALESH | F13: SHRI LAL | G13: OBHS | I13: P | J13: P | K13: P | L13: P | Y13: P | Z13: P | AI13: P | AJ13: P | AL13: =COUNTIF(H13:AK13,"p")+COUNTIF(H13:AK13,"pp")+COUNTIF(H13:AK13,"pp") -> 8 | AM13: 550 | AN13: =AL13*AM13 -> 4400
B14: 10 | C14: 33511 | E14: PRABHJOT SINGH | F14: TARSEM SINGH | G14: OBHS | I14: P | J14: P | Z14: P | AA14: P | AL14: =COUNTIF(H14:AK14,"p")+COUNTIF(H14:AK14,"pp")+COUNTIF(H14:AK14,"pp") -> 4 | AM14: 550 | AN14: =AL14*AM14 -> 2200
B15: 11 | C15: 33572 | E15: GURLAL SINGH | F15: HARPREET SINGH | G15: OBHS | I15: P | J15: P | AL15: =COUNTIF(H15:AK15,"p")+COUNTIF(H15:AK15,"pp")+COUNTIF(H15:AK15,"pp") -> 2 | AM15: 550 | AN15: =AL15*AM15 -> 1100
B16: 12 | C16: 34048 | E16: SOURABH SEHGAL | F16: DES RAJ SEHGAL | G16: OBHS | I16: P | J16: P | AL16: =COUNTIF(H16:AK16,"p")+COUNTIF(H16:AK16,"pp")+COUNTIF(H16:AK16,"pp") -> 2 | AM16: 550 | AN16: =AL16*AM16 -> 1100
B17: 13 | C17: 34008 | E17: DHEERAJ MISHRA | F17: MANOJ MISHRA | G17: EHK | J17: P | K17: P | Q17: P | R17: P | S17: P | T17: P | AL17: =COUNTIF(H17:AK17,"p")+COUNTIF(H17:AK17,"pp")+COUNTIF(H17:AK17,"pp") -> 6 | AM17: 600 | AN17: =AL17*AM17 -> 3600
B18: 14 | C18: 34684 | E18: DEEPAK ARORA | F18: SARDARI LAL ARORA | G18: OBHS | AJ18: P | AK18: P | AL18: =COUNTIF(H18:AK18,"p")+COUNTIF(H18:AK18,"pp")+COUNTIF(H18:AK18,"pp") -> 2 | AM18: 550 | AN18: =AL18*AM18 -> 1100
B19: 15 | C19: 34683 | E19: RAVI KUMAR | F19: SANT RAM | G19: OBHS | AJ19: P | AK19: P | AL19: =COUNTIF(H19:AK19,"p")+COUNTIF(H19:AK19,"pp")+COUNTIF(H19:AK19,"pp") -> 2 | AM19: 550 | AN19: =AL19*AM19 -> 1100
B20: 16 | C20: 34260 | E20: TARUN | F20: KALA RAM | G20: OBHS | J20: P | K20: P | L20: P | M20: PP | N20: P | AL20: =COUNTIF(H20:AK20,"p")+COUNTIF(H20:AK20,"pp")+COUNTIF(H20:AK20,"pp") -> 6 | AM20: 550 | AN20: =AL20*AM20 -> 3300
B21: 17 | C21: 33676 | E21: SONU BAGHEL | F21: PREM SINGH | G21: OBHS | J21: P | K21: P | L21: P | M21: P | AL21: =COUNTIF(H21:AK21,"p")+COUNTIF(H21:AK21,"pp")+COUNTIF(H21:AK21,"pp") -> 4 | AM21: 550 | AN21: =AL21*AM21 -> 2200
B22: 18 | C22: 34169 | E22: ARUN SHARMA | F22: PRAMOD SHARMA | G22: OBHS | J22: P | K22: P | N22: P | O22: P | S22: P | T22: P | AL22: =COUNTIF(H22:AK22,"p")+COUNTIF(H22:AK22,"pp")+COUNTIF(H22:AK22,"pp") -> 6 | AM22: 550 | AN22: =AL22*AM22 -> 3300
B23: 19 | C23: 34005 | E23: PALWINDER SINGH | F23: BALWINDER SINGH | G23: OBHS | J23: P | K23: P | AL23: =COUNTIF(H23:AK23,"p")+COUNTIF(H23:AK23,"pp")+COUNTIF(H23:AK23,"pp") -> 2 | AM23: 550 | AN23: =AL23*AM23 -> 1100
B24: 20 | C24: 34154 | E24: SUKHPREET SINGH | F24: CHARANJIT SINGH | G24: OBHS | L24: P | M24: P | O24: P | P24: P | AG24: P | AH24: P | AL24: =COUNTIF(H24:AK24,"p")+COUNTIF(H24:AK24,"pp")+COUNTIF(H24:AK24,"pp") -> 6 | AM24: 550 | AN24: =AL24*AM24 -> 3300
B25: 21 | C25: 33677 | E25: SANJEEV TIWARI | F25: RAGHUVEER SINGH | G25: OBHS | N25: p | O25: p | AL25: =COUNTIF(H25:AK25,"p")+COUNTIF(H25:AK25,"pp")+COUNTIF(H25:AK25,"pp") -> 2 | AM25: 550 | AN25: =AL25*AM25 -> 1100
B26: 22 | C26: 34480 | E26: LEKHRAJ | F26: MAJOR SINGH | G26: OBHS | P26: P | Q26: P | S26: P | T26: P | U26: P | V26: P | W26: P | X26: P | AA26: P | AB26: P | AC26: P | AD26: P | AG26: P | AH26: P | AL26: =COUNTIF(H26:AK26,"p")+COUNTIF(H26:AK26,"pp")+COUNTIF(H26:AK26,"pp") -> 14 | AM26: 550 | AN26: =AL26*AM26 -> 7700
B27: 23 | C27: 34279 | E27: GURPREET SINGH | F27: AJIT SINGH | G27: OBHS | S27: P | T27: P | U27: P | V27: P | W27: P | X27: P | AF27: P | AG27: P | AH27: P | AI27: P | AL27: =COUNTIF(H27:AK27,"p")+COUNTIF(H27:AK27,"pp")+COUNTIF(H27:AK27,"pp") -> 10 | AM27: 550 | AN27: =AL27*AM27 -> 5500
B28: 24 | C28: 34489 | E28: KARAN KUMAR | F28: JASWINDER SINGH | G28: OBHS | W28: P | X28: P | Y28: P | Z28: P | AA28: P | AB28: P | AC28: P | AD28: P | AE28: P | AF28: P | AL28: =COUNTIF(H28:AK28,"p")+COUNTIF(H28:AK28,"pp")+COUNTIF(H28:AK28,"pp") -> 10 | AM28: 550 | AN28: =AL28*AM28 -> 5500
B29: Total Per Day | H29: =COUNTIF(H5:H28,"P")+COUNTIF(H5:H28,"PP")+COUNTIF(H5:H28,"PP") -> 5 | I29: =COUNTIF(I5:I28,"P")+COUNTIF(I5:I28,"PP")+COUNTIF(I5:I28,"PP") -> 10 | J29: =COUNTIF(J5:J28,"P")+COUNTIF(J5:J28,"PP")+COUNTIF(J5:J28,"PP") -> 10 | K29: =COUNTIF(K5:K28,"P")+COUNTIF(K5:K28,"PP")+COUNTIF(K5:K28,"PP") -> 7 | L29: =COUNTIF(L5:L28,"P")+COUNTIF(L5:L28,"PP")+COUNTIF(L5:L28,"PP") -> 5 | M29: =COUNTIF(M5:M28,"P")+COUNTIF(M5:M28,"PP")+COUNTIF(M5:M28,"PP") -> 6 | N29: =COUNTIF(N5:N28,"P")+COUNTIF(N5:N28,"PP")+COUNTIF(N5:N28,"PP") -> 6 | O29: =COUNTIF(O5:O28,"P")+COUNTIF(O5:O28,"PP")+COUNTIF(O5:O28,"PP") -> 5 | ... AK29: =COUNTIF(AK5:AK28,"P")+COUNTIF(AK5:AK28,"PP")+COUNTIF(AK5:AK28,"PP") -> 4 | AL29: =SUM(AL5:AL28) -> 185 | AN29: =SUM(AN5:AN28) -> 104200
B32: Masure Project Pvt. Ltd. | AM32: Rate/Day | AN32: Total Salary
B33: OBHS Attendance sheet of 04624/23 (Rake-01) Month:- Jun-2026 Site Name:- Amritsar OBHS (Attendance Day Per trip:- 05)
B34: S.N. | C34: EMP CODE | D34: TA ID No. | E34: EMP Name | F34: Father's Name | G34: Dig | H34: 1 | I34: 2 | J34: 3 | K34: 4 | L34: 5 | M34: 6 | N34: 7 | O34: 8 | P34: 9 | Q34: 10 | R34: 11 | S34: 12 | T34: 13 | U34: 14 | V34: 15 | W34: 16 | X34: 17 | Y34: 18 | Z34: 19 | AA34: 20 | AB34: 21 | AC34: 22 | AD34: 23 | AE34: 24 | AF34: 25 | AG34: 26 | AH34: 27 | AI34: 28 | AJ34: 29 | AK34: 30 | AL34: Total
B35: 1 | C35: 33792 | E35: ANOOP KUMAR | F35: KISHAN CHAND | G35: EHK | K35: P | L35: P | AL35: =COUNTIF(H35:AK35,"p")+COUNTIF(H35:AK35,"pp")+COUNTIF(H35:AK35,"pp") -> 2 | AM35: 600 | AN35: =AL35*AM35 -> 1200
B36: 2 | C36: 33869 | E36: RAJ KUMAR | F36: JAGDISH LAL | G36: OBHS | N36: P | O36: P | AL36: =COUNTIF(H36:AK36,"p")+COUNTIF(H36:AK36,"pp")+COUNTIF(H36:AK36,"pp") -> 2 | AM36: 550 | AN36: =AL36*AM36 -> 1100
B37: 3 | C37: 33647 | E37: UDAYBHAN | F37: BHURI SINGH | G37: OBHS | K37: P | L37: P | N37: p | O37: p | AL37: =COUNTIF(H37:AK37,"p")+COUNTIF(H37:AK37,"pp")+COUNTIF(H37:AK37,"pp") -> 4 | AM37: 550 | AN37: =AL37*AM37 -> 2200
B38: 4 | C38: 33877 | E38: MOHD FURQAN | F38: MOHD ILYAS | G38: OBHS | K38: P | L38: P | AL38: =COUNTIF(H38:AK38,"p")+COUNTIF(H38:AK38,"pp")+COUNTIF(H38:AK38,"pp") -> 2 | AM38: 550 | AN38: =AL38*AM38 -> 1100
B39: 5 | C39: 34165 | E39: DEEPAK KUMAR | F39: DHEERAJ KUMAR | G39: OBHS | L39: P | M39: P | AL39: =COUNTIF(H39:AK39,"p")+COUNTIF(H39:AK39,"pp")+COUNTIF(H39:AK39,"pp") -> 2 | AM39: 550 | AN39: =AL39*AM39 -> 1100
B40: 6 | C40: 34005 | E40: PALWINDER SINGH | F40: BALWINDER SINGH | G40: OBHS | L40: P | M40: P | AL40: =COUNTIF(H40:AK40,"p")+COUNTIF(H40:AK40,"pp")+COUNTIF(H40:AK40,"pp") -> 2 | AM40: 550 | AN40: =AL40*AM40 -> 1100
B41: 7 | C41: 33506 | E41: DALBIR SINGH | F41: AJIT SINGH | G41: OBHS | M41: P | N41: P | O41: P | P41: P | Q41: P | R41: P | AL41: =COUNTIF(H41:AK41,"p")+COUNTIF(H41:AK41,"pp")+COUNTIF(H41:AK41,"pp") -> 6 | AM41: 550 | AN41: =AL41*AM41 -> 3300
B42: 8 | C42: 34687 | E42: VIKRAM SINGH | F42: LAL SINGH | G42: OBHS | M42: P | N42: P | O42: P | P42: P | Q42: P | R42: P | AL42: =COUNTIF(H42:AK42,"p")+COUNTIF(H42:AK42,"pp")+COUNTIF(H42:AK42,"pp") -> 6 | AM42: 550 | AN42: =AL42*AM42 -> 3300
B43: 9 | C43: 33700 | E43: JASWINDER SINGH | F43: GURBACHAN SINGH | G43: OBHS | AJ43: P | AK43: P | AL43: =COUNTIF(H43:AK43,"p")+COUNTIF(H43:AK43,"pp")+COUNTIF(H43:AK43,"pp") -> 2 | AM43: 550 | AN43: =AL43*AM43 -> 1100
B44: 10 | C44: 34488 | E44: HARMAN JOT SINGH | F44: RAJ KUMAR | G44: OBHS | R44: P | S44: P | T44: P | U44: P | V44: P | W44: P | X44: P | Y44: p | AB44: P | AC44: P | AJ44: P | AK44: P | AL44: =COUNTIF(H44:AK44,"p")+COUNTIF(H44:AK44,"pp")+COUNTIF(H44:AK44,"pp") -> 12 | AM44: 550 | AN44: =AL44*AM44 -> 6600
B45: 11 | C45: 34261 | E45: GURJANT SINGH | F45: GURNAM SINGH | G45: OBHS | U45: P | V45: P | W45: P | X45: P | Y45: P | Z45: P | AA45: P | AB45: P | AC45: P | AD45: P | AF45: P | AG45: P | AH45: P | AI45: P | AK45: P | AL45: =COUNTIF(H45:AK45,"p")+COUNTIF(H45:AK45,"pp")+COUNTIF(H45:AK45,"pp") -> 15 | AM45: 550 | AN45: =AL45*AM45 -> 8250
B46: 12 | C46: 33532 | E46: SURINDER KUMAR | F46: KARAM CHAND | G46: OBHS | V46: P | W46: P | AF46: P | AG46: P | AL46: =COUNTIF(H46:AK46,"p")+COUNTIF(H46:AK46,"pp")+COUNTIF(H46:AK46,"pp") -> 4 | AM46: 550 | AN46: =AL46*AM46 -> 2200
B47: 13 | C47: 34588 | E47: GURPREET SINGH | F47: BAGH SINGH | G47: OBHS | Y47: P | Z47: P | AA47: P | AB47: P | AC47: P | AD47: P | AE47: P | AF47: P | AG47: P | AH47: P | AL47: =COUNTIF(H47:AK47,"p")+COUNTIF(H47:AK47,"pp")+COUNTIF(H47:AK47,"pp") -> 10 | AM47: 550 | AN47: =AL47*AM47 -> 5500
B48: 14 | C48: 33982 | E48: SHIVA | F48: VIJENDRA SINGH | G48: OBHS | Z48: P | AA48: P | AL48: =COUNTIF(H48:AK48,"p")+COUNTIF(H48:AK48,"pp")+COUNTIF(H48:AK48,"pp") -> 2 | AM48: 550 | AN48: =AL48*AM48 -> 1100
B49: 15 | C49: 34773 | E49: AKASHDEEP SINGH | F49: SATPAL KAUR | G49: OBHS | AD49: P | AE49: P | AL49: =COUNTIF(H49:AK49,"p")+COUNTIF(H49:AK49,"pp")+COUNTIF(H49:AK49,"pp") -> 2 | AM49: 550 | AN49: =AL49*AM49 -> 1100
B50: 16 | C50: 33694 | E50: VICKY | F50: PAPPU | G50: OBHS | AF50: P | AG50: P | AH50: P | AI50: P | AL50: =COUNTIF(H50:AK50,"p")+COUNTIF(H50:AK50,"pp")+COUNTIF(H50:AK50,"pp") -> 4 | AM50: 550 | AN50: =AL50*AM50 -> 2200
B51: 17 | C51: 34300 | E51: VANSH SHARMA | F51: PARDEEP KUMAR | G51: OBHS | AF51: P | AG51: P | AL51: =COUNTIF(H51:AK51,"p")+COUNTIF(H51:AK51,"pp")+COUNTIF(H51:AK51,"pp") -> 2 | AM51: 550 | AN51: =AL51*AM51 -> 1100
B52: 18 | C52: 33504 | E52: RAHUL KUMAR | F52: AJAY KUMAR | G52: OBHS | AG52: P | AH52: P | AI52: P | AJ52: P | AK52: P | AL52: =COUNTIF(H52:AK52,"p")+COUNTIF(H52:AK52,"pp")+COUNTIF(H52:AK52,"pp") -> 5 | AM52: 550 | AN52: =AL52*AM52 -> 2750
B53: 19 | C53: 34557 | E53: BALTEJ SINGH | F53: JOGINDER SINGH | G53: OBHS | AG53: P | AH53: P | AI53: P | AJ53: P | AK53: P | AL53: =COUNTIF(H53:AK53,"p")+COUNTIF(H53:AK53,"pp")+COUNTIF(H53:AK53,"pp") -> 5 | AM53: 550 | AN53: =AL53*AM53 -> 2750
B54: 20 | C54: 34166 | E54: SIKANDER | F54: KALA RAM | G54: OBHS | AH54: P | AI54: P | AL54: =COUNTIF(H54:AK54,"p")+COUNTIF(H54:AK54,"pp")+COUNTIF(H54:AK54,"pp") -> 2 | AM54: 550 | AN54: =AL54*AM54 -> 1100
B55: 21 | C55: 34184 | E55: RAHUL KUMAR | F55: DEEPAK KUMAR | G55: OBHS | AH55: P | AI55: P | AL55: =COUNTIF(H55:AK55,"p")+COUNTIF(H55:AK55,"pp")+COUNTIF(H55:AK55,"pp") -> 2 | AM55: 550 | AN55: =AL55*AM55 -> 1100
B56: Total Per Day | H56: =COUNTIF(H35:H55,"P")+COUNTIF(H35:H55,"PP")+COUNTIF(H35:H55,"PP") -> 0 | I56: =COUNTIF(I35:I55,"P")+COUNTIF(I35:I55,"PP")+COUNTIF(I35:I55,"PP") -> 0 | J56: =COUNTIF(J35:J55,"P")+COUNTIF(J35:J55,"PP")+COUNTIF(J35:J55,"PP") -> 0 | K56: =COUNTIF(K35:K55,"P")+COUNTIF(K35:K55,"PP")+COUNTIF(K35:K55,"PP") -> 3 | L56: =COUNTIF(L35:L55,"P")+COUNTIF(L35:L55,"PP")+COUNTIF(L35:L55,"PP") -> 5 | M56: =COUNTIF(M35:M55,"P")+COUNTIF(M35:M55,"PP")+COUNTIF(M35:M55,"PP") -> 4 | N56: =COUNTIF(N35:N55,"P")+COUNTIF(N35:N55,"PP")+COUNTIF(N35:N55,"PP") -> 4 | O56: =COUNTIF(O35:O55,"P")+COUNTIF(O35:O55,"PP")+COUNTIF(O35:O55,"PP") -> 4 | ... AK56: =COUNTIF(AK35:AK55,"P")+COUNTIF(AK35:AK55,"PP")+COUNTIF(AK35:AK55,"PP") -> 5 | AL56: =SUM(AL35:AL55) -> 93 | AN56: =SUM(AN35:AN55) -> 51250
B59: Total Salary of 2 Rake | AN59: =AN29+AN56 -> 155450

Sheet 14664-63
B2: Masure Project Pvt. Ltd. | AN2: Rate/Day | AO2: Total Salary
B3: OBHS Attendance sheet of 14664/63 (Rake-01) Month:- Jun-2026 Site Name:- Amritsar OBHS (Attendance Day Per trip:- 04)
B4: S No. | C4: EMP CODE | D4: TA ID No. | E4: EMP Name | F4: Father's Name | G4: Dig | H4: 1 | I4: 2 | J4: 3 | K4: 4 | L4: 5 | M4: 6 | N4: 7 | O4: 8 | P4: 9 | Q4: 10 | R4: 11 | S4: 12 | T4: 13 | U4: 14 | V4: 15 | W4: 16 | X4: 17 | Y4: 18 | Z4: 19 | AA4: 20 | AB4: 21 | AC4: 22 | AD4: 23 | AE4: 24 | AF4: 25 | AG4: 26 | AH4: 27 | AI4: 28 | AJ4: 29 | AK4: 30 | AL4: 31 | AM4: Total
B5: 1 | C5: 33577 | E5: BALWINDER KUMAR | F5: BABU RAM | G5: EHK | K5: P | L5: P | M5: P | N5: P | R5: P | S5: P | T5: P | U5: P | Y5: p | Z5: p | AA5: p | AB5: p | AF5: P | AG5: P | AH5: P | AI5: P | AM5: =COUNTIF(I5:AL5,"p")+COUNTIF(I5:AL5,"pp")+COUNTIF(I5:AL5,"pp") -> 16 | AN5: 600 | AO5: =AM5*AN5 -> 9600
B6: 2 | C6: 33793 | E6: JAIMEET SINGH | F6: SANTOKH SINGH | G6: OBHS | K6: P | L6: P | M6: P | N6: P | AM6: =COUNTIF(I6:AL6,"p")+COUNTIF(I6:AL6,"pp")+COUNTIF(I6:AL6,"pp") -> 4 | AN6: 550 | AO6: =AM6*AN6 -> 2200
B7: 3 | C7: 33868 | E7: PRITPAL SINGH | F7: BASANT SINGH | G7: OBHS | K7: P | L7: P | M7: P | N7: P | AM7: =COUNTIF(I7:AL7,"p")+COUNTIF(I7:AL7,"pp")+COUNTIF(I7:AL7,"pp") -> 4 | AN7: 550 | AO7: =AM7*AN7 -> 2200
B8: 4 | C8: 33661 | E8: DEEPAK | F8: AJIT SINGH | G8: OBHS | K8: P | L8: P | M8: P | N8: P | AM8: =COUNTIF(I8:AL8,"p")+COUNTIF(I8:AL8,"pp")+COUNTIF(I8:AL8,"pp") -> 4 | AN8: 550 | AO8: =AM8*AN8 -> 2200
B9: 5 | C9: 33858 | E9: RAVINDER SINGH | F9: BALKAR SINGH | G9: OBHS | Y9: p | Z9: p | AA9: p | AB9: p | AM9: =COUNTIF(I9:AL9,"p")+COUNTIF(I9:AL9,"pp")+COUNTIF(I9:AL9,"pp") -> 4 | AN9: 550 | AO9: =AM9*AN9 -> 2200
B10: 6 | C10: 33849 | E10: AJAY KUMAR | F10: RAM VILAS | G10: OBHS | Y10: p | Z10: p | AA10: p | AB10: p | AM10: =COUNTIF(I10:AL10,"p")+COUNTIF(I10:AL10,"pp")+COUNTIF(I10:AL10,"pp") -> 4 | AN10: 550 | AO10: =AM10*AN10 -> 2200
B11: 7 | C11: 34583 | E11: RAKESH YADAV | F11: DEVI PARSHAD YADAV | G11: OBHS | Y11: p | Z11: p | AA11: p | AB11: p | AM11: =COUNTIF(I11:AL11,"p")+COUNTIF(I11:AL11,"pp")+COUNTIF(I11:AL11,"pp") -> 4 | AN11: 550 | AO11: =AM11*AN11 -> 2200
B12: 8 | C12: 34186 | E12: SACHIN KUMAR | F12: DEENDAYAL | G12: OBHS | R12: P | S12: P | T12: P | U12: P | AM12: =COUNTIF(I12:AL12,"p")+COUNTIF(I12:AL12,"pp")+COUNTIF(I12:AL12,"pp") -> 4 | AN12: 550 | AO12: =AM12*AN12 -> 2200
B13: 9 | C13: 33658 | E13: ARMAN | F13: JAHIR AHMAD | G13: OBHS | R13: P | S13: P | T13: P | U13: P | AM13: =COUNTIF(I13:AL13,"p")+COUNTIF(I13:AL13,"pp")+COUNTIF(I13:AL13,"pp") -> 4 | AN13: 550 | AO13: =AM13*AN13 -> 2200
B14: 10 | C14: 33586 | E14: SONU KASHYAP | F14: RAMDAS | G14: OBHS | R14: P | S14: P | T14: P | U14: P | AM14: =COUNTIF(I14:AL14,"p")+COUNTIF(I14:AL14,"pp")+COUNTIF(I14:AL14,"pp") -> 4 | AN14: 550 | AO14: =AM14*AN14 -> 2200
B15: 11 | C15: 34286 | E15: VIKAS | F15: FIRTU RAM | G15: OBHS | R15: P | S15: P | T15: P | U15: P | AM15: =COUNTIF(I15:AL15,"p")+COUNTIF(I15:AL15,"pp")+COUNTIF(I15:AL15,"pp") -> 4 | AN15: 550 | AO15: =AM15*AN15 -> 2200
B16: 12 | C16: 34687 | E16: VIKRAM SINGH | F16: LAL SINGH | G16: OBHS | Y16: P | Z16: P | AA16: P | AB16: P | AM16: =COUNTIF(I16:AL16,"p")+COUNTIF(I16:AL16,"pp")+COUNTIF(I16:AL16,"pp") -> 4 | AN16: 550 | AO16: =AM16*AN16 -> 2200
B17: 13 | C17: 34561 | E17: ASHISH SINGH | F17: ASHOK KUMAR | G17: OBHS | AF17: P | AG17: P | AH17: P | AI17: P | AM17: =COUNTIF(I17:AL17,"p")+COUNTIF(I17:AL17,"pp")+COUNTIF(I17:AL17,"pp") -> 4 | AN17: 550 | AO17: =AM17*AN17 -> 2200
B18: 14 | C18: 34560 | E18: NOOR SINGH | F18: RAJU | G18: OBHS | AF18: P | AG18: P | AH18: P | AI18: P | AM18: =COUNTIF(I18:AL18,"p")+COUNTIF(I18:AL18,"pp")+COUNTIF(I18:AL18,"pp") -> 4 | AN18: 550 | AO18: =AM18*AN18 -> 2200
B19: 15 | C19: 34582 | E19: PRABHJOT | F19: PAPPU | G19: OBHS | AF19: P | AG19: P | AH19: P | AI19: P | AM19: =COUNTIF(I19:AL19,"p")+COUNTIF(I19:AL19,"pp")+COUNTIF(I19:AL19,"pp") -> 4 | AN19: 550 | AO19: =AM19*AN19 -> 2200
B20: 16 | C20: 33588 | E20: NISHAN SINGH | F20: SURENDER SINGH | G20: OBHS | AF20: P | AG20: P | AH20: P | AI20: P | AM20: =COUNTIF(I20:AL20,"p")+COUNTIF(I20:AL20,"pp")+COUNTIF(I20:AL20,"pp") -> 4 | AN20: 550 | AO20: =AM20*AN20 -> 2200
B21: 17 | C21: 34167 | E21: SURENDER | F21: SHIV CHARAN | G21: OBHS | Y21: P | Z21: P | AA21: P | AB21: P | AM21: =COUNTIF(I21:AL21,"p")+COUNTIF(I21:AL21,"pp")+COUNTIF(I21:AL21,"pp") -> 4 | AN21: 550 | AO21: =AM21*AN21 -> 2200
B22: 18 | C22: 33509 | E22: NEETA | F22: SUDESH KUMAR | G22: OBHS | K22: P | L22: P | M22: P | N22: P | Y22: p | Z22: p | AA22: p | AB22: p | AM22: =COUNTIF(I22:AL22,"p")+COUNTIF(I22:AL22,"pp")+COUNTIF(I22:AL22,"pp") -> 8 | AN22: 550 | AO22: =AM22*AN22 -> 4400
B23: 19 | C23: 33700 | E23: JASWINDER SINGH | F23: GURBACHAN SINGH | G23: OBHS | K23: P | L23: P | M23: P | N23: P | R23: P | S23: P | T23: P | U23: P | AM23: =COUNTIF(I23:AL23,"p")+COUNTIF(I23:AL23,"pp")+COUNTIF(I23:AL23,"pp") -> 8 | AN23: 550 | AO23: =AM23*AN23 -> 4400
B24: 20 | C24: 34185 | E24: UMESH KUMAR | F24: VEDPAL SINGH | G24: OBHS | K24: P | L24: P | M24: P | N24: P | R24: P | S24: P | T24: P | U24: P | AM24: =COUNTIF(I24:AL24,"p")+COUNTIF(I24:AL24,"pp")+COUNTIF(I24:AL24,"pp") -> 8 | AN24: 550 | AO24: =AM24*AN24 -> 4400
B25: Total Per Day | H25: =COUNTIF(H3:H24,"P")+COUNTIF(H3:H24,"PP")+COUNTIF(H3:H24,"PP") -> 0 | I25: =COUNTIF(I3:I24,"P")+COUNTIF(I3:I24,"PP")+COUNTIF(I3:I24,"PP") -> 0 | J25: =COUNTIF(J3:J24,"P")+COUNTIF(J3:J24,"PP")+COUNTIF(J3:J24,"PP") -> 0 | K25: =COUNTIF(K3:K24,"P")+COUNTIF(K3:K24,"PP")+COUNTIF(K3:K24,"PP") -> 7 | L25: =COUNTIF(L3:L24,"P")+COUNTIF(L3:L24,"PP")+COUNTIF(L3:L24,"PP") -> 7 | M25: =COUNTIF(M3:M24,"P")+COUNTIF(M3:M24,"PP")+COUNTIF(M3:M24,"PP") -> 7 | N25: =COUNTIF(N3:N24,"P")+COUNTIF(N3:N24,"PP")+COUNTIF(N3:N24,"PP") -> 7 | O25: =COUNTIF(O3:O24,"P")+COUNTIF(O3:O24,"PP")+COUNTIF(O3:O24,"PP") -> 0 | ... AL25: =COUNTIF(AL3:AL24,"P")+COUNTIF(AL3:AL24,"PP")+COUNTIF(AL3:AL24,"PP") -> 0 | AM25: =SUM(AM5:AM24) -> 104 | AO25: =SUM(AO5:AO24) -> 58000

Sheet OBHS Staff
B2: COMPANY NAME: MAISUE PROJECT PVT. LTD. MONTH: May-2026 LOCATION: OBHS Staff AMRITSAR
B3: S.N. | C3: EMP CODE | D3: EMP NAME | E3: FATHER NAME | F3: Dig. | G3: 1 | H3: 2 | I3: 3 | J3: 4 | K3: 5 | L3: 6 | M3: 7 | N3: 8 | O3: 9 | P3: 10 | Q3: 11 | R3: 12 | S3: 13 | T3: 14 | U3: 15 | V3: 16 | W3: 17 | X3: 18 | Y3: 19 | Z3: 20 | AA3: 21 | AB3: 22 | AC3: 23 | AD3: 24 | AE3: 25 | AF3: 26 | AG3: 27 | AH3: 28 | AI3: 29 | AJ3: 30 | AK3: Total Days | AL3: Rate/Day | AM3: Monthly Salary
B4: 1 | C4: 33528 | D4: KARAN | E4: RAJINDER KUMAR | F4: OBHS SUP. | G4: P | H4: P | I4: P | J4: P | K4: P | M4: P | N4: P | O4: P | P4: P | Q4: P | R4: P | S4: P | T4: P | U4: P | V4: P | W4: P | X4: P | Z4: P | AA4: P | AB4: P | AC4: P | AD4: P | AE4: P | AF4: P | AG4: P | AH4: P | AI4: P | AJ4: P | AK4: =COUNTIF(G4:AJ4,"P") -> 28 | AL4: =18000/30 -> 600 | AM4: =AL4*AK4 -> 16800
B5: 2 | C5: 33820 | D5: SANDEEP SINGH | E5: JASBIR SINGH | F5: OBHS SUP. | G5: P | H5: P | I5: P | J5: P | K5: P | L5: P | M5: P | N5: P | O5: P | P5: P | Q5: P | R5: P | S5: P | T5: P | U5: P | V5: P | W5: P | X5: P | Y5: P | Z5: P | AA5: P | AB5: P | AC5: P | AD5: P | AE5: P | AF5: P | AG5: P | AH5: P | AI5: P | AJ5: P | AK5: =COUNTIF(G5:AJ5,"P") -> 30 | AL5: =18000/30 -> 600 | AM5: =AL5*AK5 -> 18000
B6: 3 | C6: 33845 | D6: TUSHAR | E6: RAVI RAJ | F6: OBHS SUP. | G6: P | H6: P | I6: P | J6: P | K6: P | L6: P | M6: P | N6: P | O6: P | P6: P | Q6: P | R6: P | S6: P | T6: P | U6: P | V6: P | W6: P | X6: P | Y6: P | Z6: P | AA6: P | AB6: P | AC6: P | AD6: P | AE6: P | AF6: P | AG6: P | AH6: P | AI6: P | AJ6: P | AK6: =COUNTIF(G6:AJ6,"P") -> 30 | AL6: =18000/30 -> 600 | AM6: =AL6*AK6 -> 18000
B7: 4 | C7: 34367 | D7: GURPINDER | E7: DALBIR SINGH | F7: OBHS SUP. | G7: P | H7: P | I7: P | J7: P | K7: P | L7: P | M7: P | N7: P | O7: P | P7: P | Q7: P | R7: P | S7: P | T7: P | U7: P | V7: P | W7: P | X7: P | Y7: P | Z7: P | AA7: P | AB7: P | AC7: P | AD7: P | AE7: P | AF7: P | AG7: P | AH7: P | AI7: P | AJ7: P | AK7: =COUNTIF(G7:AJ7,"P") -> 30 | AL7: =15000/30 -> 500 | AM7: =AL7*AK7 -> 15000
B8: 5 | C8: 34338 | D8: ANUJ KUMAR | E8: RAMPAL SINGH | F8: OBHS SUP. | G8: P | H8: P | I8: P | L8: P | M8: P | N8: P | Q8: P | R8: P | S8: P | V8: P | W8: P | X8: P | AA8: P | AB8: P | AC8: P | AD8: P | AF8: P | AG8: P | AH8: P | AI8: P | AK8: =COUNTIF(G8:AJ8,"P") -> 20 | AL8: =15000/30 -> 500 | AM8: =AL8*AK8 -> 10000
B9: 6 | C9: 34580 | D9: MANISH KUMAR | E9: UPENDRA KUMAR | F9: STORE | G9: P | H9: P | I9: P | J9: P | K9: P | L9: P | M9: P | N9: P | O9: P | P9: P | Q9: P | R9: P | S9: P | T9: P | U9: P | V9: P | W9: P | X9: P | Y9: P | Z9: P | AA9: P | AB9: P | AC9: P | AD9: P | AE9: P | AF9: P | AG9: P | AH9: P | AI9: P | AJ9: P | AK9: =COUNTIF(G9:AJ9,"P") -> 30 | AL9: =16000/30 -> 533.33333 | AM9: =AL9*AK9 -> 16000
B10: 7 | C10: 33838 | D10: MANINDER JEET SINGH | E10: SALWINDER SINGH | F10: OBHS SUP. | G10: P | H10: P | J10: P | K10: P | L10: P | M10: P | N10: P | O10: P | P10: P | Q10: P | R10: P | S10: P | T10: P | U10: P | W10: P | X10: P | Y10: P | Z10: P | AA10: P | AB10: P | AC10: P | AD10: P | AE10: P | AF10: P | AG10: P | AH10: P | AI10: P | AJ10: P | AK10: =COUNTIF(G10:AJ10,"P") -> 28 | AL10: =16000/30 -> 533.33333 | AM10: =AL10*AK10 -> 14933.333
B11: Total | G11: =COUNTIF(G4:G10,"P") -> 7 | H11: =COUNTIF(H4:H10,"P") -> 7 | I11: =COUNTIF(I4:I10,"P") -> 6 | J11: =COUNTIF(J4:J10,"P") -> 6 | K11: =COUNTIF(K4:K10,"P") -> 6 | L11: =COUNTIF(L4:L10,"P") -> 6 | M11: =COUNTIF(M4:M10,"P") -> 7 | N11: =COUNTIF(N4:N10,"P") -> 7 | ... AJ11: =COUNTIF(AJ4:AJ10,"P") -> 6 | AK11: =SUM(AK4:AK10) -> 196 | AM11: =SUM(AM4:AM10) -> 108733.33

Sheet Summary
B2: TOTAL ATTENDANCE
B3: S.N | C3: Train No. | D3: Train Name | E3: Rake | F3: Attendance | G3: Salary Amount | H3: Remark
B4: 1 | C4: 12422/21 | D4: Sach Khand | E4: 1 | F4: ='12422-21'!AL17 -> 90 | G4: ='12422-21'!AN17 -> 50400
B5: 2 | C5: 14680/81 | D5: Intercity | E5: 1 | F5: ='14680-79'!AL24 -> 106 | G5: ='14680-79'!AN24 -> 61200
B6: 3 | C6: 14680/81 | E6: 2 | F6: ='14680-79'!AL52 -> 106 | G6: ='14680-79'!AN52 -> 60900
B7: 4 | C7: 12054/53 | D7: Jansatabdi | E7: 1 | F7: ='12054-53'!AL24 -> 154 | G7: ='12054-53'!AN24 -> 85900
B8: 5 | C8: 22488/87 | D8: Vande Bharat | E8: 1 | F8: ='22488-87'!AL19 -> 241 | G8: ='22488-87'!AN19 -> 134050
B9: 6 | C9: 14650/49 | D9: Saryyamuna Exp. | E9: 1 | F9: ='14650-49'!AL27 -> 146 | G9: ='14650-49'!AN27 -> 81300
B10: 7 | C10: 14650/49 | E10: 2 | F10: ='14650-49'!AL55 -> 154 | G10: ='14650-49'!AN55 -> 85700
B11: 8 | C11: 14674/73 | D11: Shaid Exp. | E11: 1 | F11: ='14674-73'!AL32 -> 206 | G11: ='14674-73'!AN32 -> 115250
B12: 9 | C12: 14674/73 | E12: 2 | F12: ='14674-73'!AL65 -> 193 | G12: ='14674-73'!AN65 -> 106900
B13: 10 | C13: 12204/03 | D13: Garib Rath | E13: 1 | F13: ='12204-03'!AL24 -> 79 | G13: ='12204-03'!AN24 -> 56650
B14: 11 | C14: 12204/03 | E14: 2 | F14: ='12204-03'!AL76 -> 412 | G14: ='12204-03'!AN76 -> 313600
B15: 12 | C15: 04654/53 | D15: Hamsafar Exp. | E15: 1 | F15: ='04654-53'!AM10 -> 0 | G15: ='04654-53'!AO10 -> 0
B16: 13 | C16: 04652/51 | D16: Hamsafar Exp. | E16: 1 | F16: ='04651-52'!AL20 -> 196 | G16: ='04651-52'!AN20 -> 112083.33
B17: 14 | C17: 04652/51 | E17: 2 | F17: ='04651-52'!AL42 -> 106 | G17: ='04651-52'!AN42 -> 58300
B18: 15 | C18: 14628/27 | D18: Amrit Bharat | E18: 1 | F18: ='14628-27'!AL31 -> 126 | G18: ='14628-27'!AN31 -> 70000
B19: 16 | C19: 14616/15 | D19: Lalkua Exp. | E19: 1 | F19: ='14616-15'!AM15 -> 40 | G19: ='14616-15'!AO15 -> 22400
B20: 17 | C20: 12484/83 | D20: Kochi Vali Exp. | E20: 1 | F20: ='12484-83'!AL19 -> 143 | G20: ='12484-83'!AN19 -> 80550
B21: 18 | C21: 04610/09 | D21: Epecal | E21: 1 | F21: ='04610-09'!AL25 -> 90 | G21: ='04610-09'!AN25 -> 50200
B22: 19 | C22: 04624/23 | D22: Epecal | E22: 1 | F22: ='04624-23'!AL22 -> 115 | G22: ='04624-23'!AN22 -> 64400
B23: 20 | C23: 14664/63 | D23: Amrit Bharat | E23: 1 | F23: ='14664-63'!AM25 -> 104 | G23: ='14664-63'!AO25 -> 58000
B24: 21 | C24: OBHS Staff | F24: ='OBHS Staff'!AK11 -> 196 | G24: ='OBHS Staff'!AM11 -> 108733.33
B25: Total Attendence | F25: =SUM(F4:F24) -> 3003 | G25: =SUM(G4:G23) -> 1667783.3

Sheet Sheet1
